dataset,145,146,147,mv_none,mv_pred,mv_ar
hu_lwk1,418.78888888888895,438.98888888888894,434.08888888888896,1741.5555555555557,1887.366666666666,1577.4333333333334
isles22,143.97975708502025,155.28785425101216,147.90283400809716,353.1275303643725,412.28704453441304,1497.0813765182186
shifts_ms,283.5739130434782,289.2434782608696,286.51739130434794,1084.5173913043475,1200.2130434782607,1549.4869565217386
msd_hippocampus,97.46923076923076,98.98461538461541,97.86,440.9076923076923,557.656923076923,1489.0592307692307
msd_prostate,299.358064516129,278.8806451612902,304.36129032258066,628.6161290322583,742.3,1514.3774193548388
atlas_v2,143.3584097859327,148.71529051987767,144.4761467889908,1046.2831804281345,1159.61498470948,1487.4929663608564
gnc_kidney,308.9852348993289,287.4863087248322,283.4308724832215,1032.1978523489934,1128.3579865771812,1486.0848322147654
flare22,,,,,,1518.2609230769233
nasalseg,,,,,,1497.1293457943925
