run_id,run_name,epoch,val_dice,seen,unseen,mri,ct
97al5lsq,0_baseline_135b_train,20,0.40891039392463563,0.47325984455970477,0.3412325234291319,0.3508841145833333,0.46603245192307696
97al5lsq,0_baseline_135b_train,30,0.39874357009394285,0.46305698642726606,0.33110359774337883,0.345034375,0.45395192307692306
97al5lsq,0_baseline_135b_train,40,0.399230535291599,0.4645323504616032,0.3305510400265947,0.3390557291666667,0.4561692307692307
97al5lsq,0_baseline_135b_train,50,0.39821924380016727,0.4616045794623784,0.33155535629335886,0.33465755208333325,0.4550466346153846
97al5lsq,0_baseline_135b_train,60,0.39413453809345295,0.4634938058849968,0.3211877219678637,0.34381614583333336,0.4499302884615385
97al5lsq,0_baseline_135b_train,70,0.4005899399417225,0.47044444633075055,0.32712226942912404,0.35218203124999997,0.45432019230769227
97al5lsq,0_baseline_135b_train,80,0.3901634910000105,0.46447732479162324,0.3120058382191764,0.35024739583333336,0.4452935096153846
97al5lsq,0_baseline_135b_train,90,0.4007102429489408,0.47269363204351633,0.32500357510809413,0.3571494791666667,0.45965600961538466
97al5lsq,0_baseline_135b_train,100,0.401282340086969,0.47321724187871483,0.32562666751289143,0.3565057291666667,0.4543790865384615
97al5lsq,0_baseline_135b_train,110,0.4100229269877573,0.48789620296156216,0.3281217229463418,0.36644296875,0.46253701923076923
97al5lsq,0_baseline_135b_train,120,0.40798159327233036,0.48184222998554005,0.33030057879809244,0.37537838541666657,0.4597199519230769
97al5lsq,0_baseline_135b_train,130,0.4121095190443444,0.48255871618604257,0.33801639791255833,0.3771486979166667,0.46158918269230764
97al5lsq,0_baseline_135b_train,140,0.4160585099820886,0.48865670538263833,0.33970523550909665,0.3816398437500001,0.4638822115384616
97al5lsq,0_baseline_135b_train,150,0.42134642726072946,0.4933588848441284,0.345609187388534,0.37679192708333337,0.47388533653846154
97al5lsq,0_baseline_135b_train,160,0.41525058873279047,0.495196643607919,0.33116939308825877,0.3882822916666666,0.46845264423076927
97al5lsq,0_baseline_135b_train,170,0.4182621107560924,0.4892274776225596,0.3436261214654976,0.39011562499999997,0.4682125
r5wi89w9,1_gmm_bank_162_train,0,0.40338518080729596,0.47569812811906836,0.32733190863456973,0.3686390625,0.454028125
r5wi89w9,1_gmm_bank_162_train,5,0.42098927602987835,0.4829464947540406,0.3558273735786043,0.38306067708333336,0.4681740384615385
r5wi89w9,1_gmm_bank_162_train,9,0.42239481124554507,0.4852292058723448,0.3563103617242558,0.3852528645833333,0.4700552884615385
dw2346gs,2_scatter_field_real_163_train,0,0.40664213618693484,0.4778691294631651,0.331730988086072,0.36228828125000007,0.45820432692307694
dw2346gs,2_scatter_field_real_163_train,9,0.4170473635585564,0.483077190026838,0.3476022012384671,0.3840049479166667,0.4668793269230769
rt6rhqjq,3_all_families_real_167_train,0,0.42370011285385134,0.48980953757830087,0.35417123512641324,0.3910549479166667,0.4792341346153846
rt6rhqjq,3_all_families_real_167_train,20,0.44968616056232896,0.5170496020774469,0.37883840310677425,0.4226630208333333,0.494659375
rt6rhqjq,3_all_families_real_167_train,40,0.44792750696945016,0.5107612851851352,0.38184370574260884,0.4262861979166666,0.4921634615384616
rt6rhqjq,3_all_families_real_167_train,60,0.45022205565806467,0.5234540577958418,0.37320219134074734,0.4138348958333333,0.4995550480769231
rt6rhqjq,3_all_families_real_167_train,80,0.4456221031537384,0.518781451467476,0.36867865061687655,0.41937656250000005,0.4954483173076923
rt6rhqjq,3_all_families_real_167_train,100,0.4530925964669897,0.524357514246709,0.3781415622503883,0.42692395833333335,0.5002492788461539
rt6rhqjq,3_all_families_real_167_train,120,0.45541191476855947,0.5369072048855463,0.36970135102483215,0.43170000000000003,0.5035937500000001
rt6rhqjq,3_all_families_real_167_train,140,0.4564639965462792,0.533579920661948,0.3753593177349722,0.4360979166666667,0.5061281249999999
rt6rhqjq,3_all_families_real_167_train,160,0.46134233515329104,0.5447227555116586,0.3736491344315596,0.4398768229166666,0.5084814903846154
rt6rhqjq,3_all_families_real_167_train,180,0.46870900651343184,0.5530018413818583,0.3800561974276732,0.44563151041666665,0.515070673076923
rt6rhqjq,3_all_families_real_167_train,200,0.47764079814572125,0.5578141237678532,0.39332057637072043,0.44743489583333335,0.5259978365384614
rt6rhqjq,3_all_families_real_167_train,220,0.4756151049119699,0.5622469964357404,0.3845022534817975,0.45534114583333335,0.5231564903846154
rt6rhqjq,3_all_families_real_167_train,240,0.47549759448303275,0.561712631120353,0.3848231593989546,0.4558296875,0.5254060096153845
rt6rhqjq,3_all_families_real_167_train,260,0.47710442762065897,0.5695657054948158,0.3798606698564594,0.4669533854166666,0.5240774038461539
rt6rhqjq,3_all_families_real_167_train,280,0.4843697424121056,0.5694030510687214,0.39493815916980285,0.4670325520833334,0.532246875
rt6rhqjq,3_all_families_real_167_train,300,0.48919384091176077,0.5757764193328369,0.39813285326200826,0.46525937500000003,0.5365788461538461
rt6rhqjq,3_all_families_real_167_train,320,0.4901721898340477,0.5791254667522555,0.39661788135110504,0.47413854166666664,0.5339625
