source,cls,subject,n_components,extent_z_mm,extent_y_mm,extent_x_mm,max_extent_mm,min_extent_mm,aspect_ratio
isles22,stroke_lesion,sub-strokecase0197,11,16.171875,25.156249817595466,33.60000750289152,33.60000750289152,16.171875,2.077681623367205
isles22,stroke_lesion,sub-strokecase0021,12,30.0000012332098,40.00000090562154,34.00000007759064,40.00000090562154,30.0000012332098,1.3333333087113945
isles22,stroke_lesion,sub-strokecase0245,1,35.93750080929727,53.90625033802094,47.999991596267876,53.90625033802094,35.93750080929727,1.4999999756264364
isles22,stroke_lesion,sub-strokecase0044,5,12.00000012138598,16.000000519630873,9.999999831317952,16.000000519630873,9.999999831317952,1.6000000789522164
isles22,stroke_lesion,sub-strokecase0016,2,5.999999974463388,6.000000207145947,6.000000061205549,6.000000207145947,5.999999974463388,1.0000000387804266
isles22,stroke_lesion,sub-strokecase0218,26,17.99999980753037,24.000000280280982,36.000000367432264,36.000000367432264,17.99999980753037,2.0000000417984185
isles22,stroke_lesion,sub-strokecase0222,29,63.02083795726455,134.06251222740266,86.40001089336742,134.06251222740266,63.02083795726455,2.1272727652131924
isles22,stroke_lesion,sub-strokecase0023,10,77.99999754331448,136.00000410695287,109.99999844068637,136.00000410695287,77.99999754331448,1.7435898511590362
isles22,stroke_lesion,sub-strokecase0108,19,22.000000053151062,18.0000000259356,14.000000261762786,22.000000053151062,14.000000261762786,1.571428545843539
isles22,stroke_lesion,sub-strokecase0152,23,8.000000333080141,5.99999977717355,5.999999853442867,8.000000333080141,5.99999977717355,1.333333438363683
isles22,stroke_lesion,sub-strokecase0129,4,14.000000333897155,10.000000118395775,9.999999643448865,14.000000333897155,9.999999643448865,1.4000000833068775
isles22,stroke_lesion,sub-strokecase0019,16,104.00000340244618,80.00000093101036,47.99999861960711,104.00000340244618,47.99999861960711,2.166666799860367
isles22,stroke_lesion,sub-strokecase0103,1,8.000000007864122,5.999999900334282,9.999999588257179,9.999999588257179,5.999999900334282,1.6666666257277842
isles22,stroke_lesion,sub-strokecase0153,93,32.34375,35.93749911844101,33.59999584358959,35.93749911844101,32.34375,1.111111083855181
isles22,stroke_lesion,sub-strokecase0092,6,36.000000549323765,76.00000139181581,48.00000218924703,76.00000139181581,36.000000549323765,2.1111111175592305
isles22,stroke_lesion,sub-strokecase0029,17,32.00000112323476,25.999999729064886,21.99999997568829,32.00000112323476,21.99999997568829,1.454545507208966
isles22,stroke_lesion,sub-strokecase0055,4,49.99999938194813,49.99999978658718,32.00000033791382,49.99999978658718,32.00000033791382,1.5624999768311516
isles22,stroke_lesion,sub-strokecase0159,22,16.17187535384179,26.953125237059687,14.400002469853007,26.953125237059687,14.400002469853007,1.871744487092079
isles22,stroke_lesion,sub-strokecase0231,7,48.000000087219476,51.99999970554558,31.999998734639,51.99999970554558,31.999998734639,1.6250000550549146
isles22,stroke_lesion,sub-strokecase0193,13,27.5000040613512,40.10416950665727,33.60000252216255,40.10416950665727,27.5000040613512,1.4583332212310507
isles22,stroke_lesion,sub-strokecase0162,45,57.50000039280207,70.07812495198105,38.40000064038932,70.07812495198105,38.40000064038932,1.8249511401901517
isles22,stroke_lesion,sub-strokecase0227,2,23.359375643356827,34.14062486740596,33.60002482599023,34.14062486740596,23.359375643356827,1.4615384156089468
isles22,stroke_lesion,sub-strokecase0093,1,9.999999882731748,8.000000007856915,14.00000031566063,14.00000031566063,8.000000007856915,1.7500000377388785
isles22,stroke_lesion,sub-strokecase0213,7,36.00000005263167,27.9999993295424,21.99999970720422,36.00000005263167,21.99999970720422,1.6363636605341838
isles22,stroke_lesion,sub-strokecase0164,7,43.124999869013294,57.49999946239817,52.80000849838408,57.49999946239817,43.124999869013294,1.3333333249170345
isles22,stroke_lesion,sub-strokecase0206,17,12.604166778491681,24.062501880162976,19.19998910916074,24.062501880162976,12.604166778491681,1.9090910413232802
isles22,stroke_lesion,sub-strokecase0223,7,65.99999920564356,103.99999833886159,72.00000236254745,103.99999833886159,65.99999920564356,1.575757569554163
isles22,stroke_lesion,sub-strokecase0115,1,7.999999870076975,8.000000012029172,4.000000070259085,8.000000012029172,4.000000070259085,1.9999999678777514
isles22,stroke_lesion,sub-strokecase0186,66,25.156249041036634,17.968750223238576,28.79997482925109,28.79997482925109,17.968750223238576,1.6027811879762643
isles22,stroke_lesion,sub-strokecase0042,7,18.00000065118018,30.00000122329088,24.0000001065098,30.00000122329088,18.00000065118018,1.6666666743328098
isles22,stroke_lesion,sub-strokecase0185,7,10.31250023707241,13.750001286792426,19.199993692782336,19.199993692782336,10.31250023707241,1.8618175274081714
isles22,stroke_lesion,sub-strokecase0085,6,45.999999810113074,58.00000033741065,50.00000040236099,58.00000033741065,45.999999810113074,1.2608695777572456
isles22,stroke_lesion,sub-strokecase0069,1,8.000000062591226,8.0000002753215,6.00000025054773,8.0000002753215,6.00000025054773,1.3333333235429772
isles22,stroke_lesion,sub-strokecase0179,9,38.00000041841332,47.99999901682973,62.00000212495409,62.00000212495409,38.00000041841332,1.6315789853231502
isles22,stroke_lesion,sub-strokecase0134,1,11.99999995000075,11.999999937660299,14.00000022803362,14.00000022803362,11.999999937660299,1.1666666917302728
isles22,stroke_lesion,sub-strokecase0138,1,8.000000027482452,7.999999816125644,6.000000237961046,8.000000027482452,6.000000237961046,1.3333332850335113
isles22,stroke_lesion,sub-strokecase0172,7,26.000000001752483,25.99999956293919,24.00000024121672,26.000000001752483,24.00000024121672,1.0833333225180988
isles22,stroke_lesion,sub-strokecase0095,11,15.999999963315377,17.999999775783767,24.000000829214233,24.000000829214233,15.999999963315377,1.5000000552650732
isles22,stroke_lesion,sub-strokecase0106,1,33.999998920846735,36.000001436338174,26.000001183469255,36.000001436338174,26.000001183469255,1.384615376834171
isles22,stroke_lesion,sub-strokecase0217,7,102.00000012301913,65.99999994042929,40.00000021967135,102.00000012301913,40.00000021967135,2.5499999890714298
shifts_ms,ms_lesion,ljubljana_dev_out_0013,28,14.0,21.0,7.0,21.0,7.0,3.0
shifts_ms,ms_lesion,best_train_0028,74,33.99999980030087,117.99999798269111,61.00000064931071,117.99999798269111,33.99999980030087,3.4705881963460166
shifts_ms,ms_lesion,ljubljana_dev_out_0016,301,96.0,132.0,80.0,132.0,80.0,1.65
shifts_ms,ms_lesion,best_eval_in_0026,41,14.0,22.0,33.0,33.0,14.0,2.357142857142857
shifts_ms,ms_lesion,best_eval_in_0025,38,13.999999720364476,22.000000494822107,30.99999958649797,30.99999958649797,13.999999720364476,2.2142857289779228
shifts_ms,ms_lesion,ljubljana_dev_out_0009,93,32.0,57.0,45.0,57.0,32.0,1.78125
shifts_ms,ms_lesion,best_train_0030,76,38.0,120.0,68.0,120.0,38.0,3.1578947368421053
shifts_ms,ms_lesion,ljubljana_dev_out_0018,517,23.0,110.0,33.0,110.0,23.0,4.782608695652174
shifts_ms,ms_lesion,best_train_0029,67,36.99999955066252,120.0000027511164,66.00000121557312,120.0000027511164,36.99999955066252,3.2432433569845185
shifts_ms,ms_lesion,best_eval_in_0032,37,8.99999982447489,28.999999727234897,26.999999299573496,28.999999727234897,8.99999982447489,3.222222254757312
shifts_ms,ms_lesion,ljubljana_dev_out_0014,143,107.0,113.0,85.0,113.0,85.0,1.3294117647058823
shifts_ms,ms_lesion,best_dev_in_0006,146,37.00000111019084,119.99999936261642,63.99999926196606,119.99999936261642,37.00000111019084,3.2432431287026384
shifts_ms,ms_lesion,ljubljana_dev_out_0005,134,43.0,42.0,52.0,52.0,42.0,1.2380952380952381
shifts_ms,ms_lesion,ljubljana_dev_out_0011,134,39.0,85.0,65.0,85.0,39.0,2.1794871794871793
shifts_ms,ms_lesion,best_eval_in_0033,38,10.000000088764473,27.9999999894998,26.00000021740478,27.9999999894998,10.000000088764473,2.7999999740959276
shifts_ms,ms_lesion,ljubljana_dev_out_0003,21,8.0,17.0,17.0,17.0,8.0,2.125
shifts_ms,ms_lesion,ljubljana_dev_out_0017,248,31.0,61.0,39.0,61.0,31.0,1.967741935483871
shifts_ms,ms_lesion,ljubljana_dev_out_0025,27,9.0,18.0,5.0,18.0,5.0,3.6
shifts_ms,ms_lesion,ljubljana_dev_out_0006,184,38.0,52.0,40.0,52.0,38.0,1.368421052631579
shifts_ms,ms_lesion,ljubljana_dev_out_0004,144,46.0,70.0,85.0,85.0,46.0,1.8478260869565217
shifts_ms,ms_lesion,best_train_0033,29,11.000000183180912,12.000000173766697,16.000000056535132,16.000000056535132,11.000000183180912,1.454545435462743
shifts_ms,ms_lesion,ljubljana_dev_out_0002,39,12.0,10.0,7.0,12.0,7.0,1.7142857142857142
shifts_ms,ms_lesion,best_eval_in_0027,48,13.000000277020462,21.00000056641193,21.999999996529418,21.999999996529418,13.000000277020462,1.6923076559788899
shifts_ms,ms_lesion,ljubljana_dev_out_0022,78,8.0,18.0,9.0,18.0,8.0,2.25
shifts_ms,ms_lesion,best_eval_in_0029,48,13.0,20.0,20.0,20.0,13.0,1.5384615384615385
shifts_ms,ms_lesion,ljubljana_dev_out_0023,149,19.0,21.0,14.0,21.0,14.0,1.5
shifts_ms,ms_lesion,best_train_0026,59,25.000000477242505,54.99999844507593,44.00000109165052,54.99999844507593,25.000000477242505,2.199999895805699
shifts_ms,ms_lesion,best_eval_in_0031,39,9.0,29.0,31.0,31.0,9.0,3.4444444444444446
shifts_ms,ms_lesion,best_train_0024,40,31.999999457485654,71.99999882113968,52.999998532587156,71.99999882113968,31.999999457485654,2.250000001306155
shifts_ms,ms_lesion,ljubljana_dev_out_0008,82,56.0,99.0,64.0,99.0,56.0,1.7678571428571428
shifts_ms,ms_lesion,ljubljana_dev_out_0010,37,84.0,65.0,57.0,84.0,57.0,1.4736842105263157
shifts_ms,ms_lesion,ljubljana_dev_out_0007,165,67.0,137.0,80.0,137.0,67.0,2.044776119402985
shifts_ms,ms_lesion,best_train_0025,72,23.000000015480218,53.000000749380355,41.99999906631889,53.000000749380355,23.000000015480218,2.304347857117763
shifts_ms,ms_lesion,ljubljana_dev_out_0001,408,33.0,81.0,54.0,81.0,33.0,2.4545454545454546
shifts_ms,ms_lesion,ljubljana_dev_out_0019,50,10.0,10.0,7.0,10.0,7.0,1.4285714285714286
shifts_ms,ms_lesion,best_eval_in_0028,46,15.000000067158629,20.000000047714465,21.999999438448025,21.999999438448025,15.000000067158629,1.466666622663247
shifts_ms,ms_lesion,best_train_0032,45,12.999999827803922,11.000000112679299,10.999999760069308,12.999999827803922,10.999999760069308,1.1818181919416708
shifts_ms,ms_lesion,ljubljana_dev_out_0012,40,11.0,22.0,26.0,26.0,11.0,2.3636363636363638
shifts_ms,ms_lesion,ljubljana_dev_out_0015,315,18.0,20.0,22.0,22.0,18.0,1.2222222222222223
shifts_ms,ms_lesion,best_dev_in_0007,24,11.000000155660413,15.99999974352493,22.000000050276036,22.000000050276036,11.000000155660413,1.9999999762686558
atlas_v2,stroke_lesion,sub-r040s063,3,23.0,20.0,9.0,23.0,9.0,2.5555555555555554
atlas_v2,stroke_lesion,sub-r003s009,6,39.0,96.0,80.0,96.0,39.0,2.4615384615384617
atlas_v2,stroke_lesion,sub-r047s015,2,12.0,13.0,6.0,13.0,6.0,2.1666666666666665
atlas_v2,stroke_lesion,sub-r009s006,5,17.0,36.0,37.0,37.0,17.0,2.176470588235294
atlas_v2,stroke_lesion,sub-r002s004,3,29.0,42.0,57.0,57.0,29.0,1.9655172413793103
atlas_v2,stroke_lesion,sub-r047s044,1,43.0,63.0,52.0,63.0,43.0,1.4651162790697674
atlas_v2,stroke_lesion,sub-r048s032,1,32.0,41.0,65.0,65.0,32.0,2.03125
atlas_v2,stroke_lesion,sub-r003s010,3,9.0,10.0,7.0,10.0,7.0,1.4285714285714286
atlas_v2,stroke_lesion,sub-r014s015,2,8.0,8.0,8.0,8.0,8.0,1.0
atlas_v2,stroke_lesion,sub-r034s039,8,53.0,77.0,60.0,77.0,53.0,1.4528301886792452
atlas_v2,stroke_lesion,sub-r027s031,3,70.0,92.0,77.0,92.0,70.0,1.3142857142857143
atlas_v2,stroke_lesion,sub-r003s005,1,58.0,120.0,116.0,120.0,58.0,2.0689655172413794
atlas_v2,stroke_lesion,sub-r011s034,1,13.0,11.0,41.0,41.0,11.0,3.727272727272727
atlas_v2,stroke_lesion,sub-r031s036,6,28.0,25.0,31.0,31.0,25.0,1.24
atlas_v2,stroke_lesion,sub-r011s017,2,18.0,10.0,30.0,30.0,10.0,3.0
atlas_v2,stroke_lesion,sub-r004s016,4,16.0,40.0,60.0,60.0,16.0,3.75
atlas_v2,stroke_lesion,sub-r009s029,3,24.0,39.0,40.0,40.0,24.0,1.6666666666666667
atlas_v2,stroke_lesion,sub-r031s037,5,19.0,33.0,31.0,33.0,19.0,1.736842105263158
atlas_v2,stroke_lesion,sub-r019s001,5,10.0,9.0,16.0,16.0,9.0,1.7777777777777777
atlas_v2,stroke_lesion,sub-r040s069,5,47.0,92.0,81.0,92.0,47.0,1.9574468085106382
atlas_v2,stroke_lesion,sub-r038s016,5,30.0,23.0,30.0,30.0,23.0,1.3043478260869565
atlas_v2,stroke_lesion,sub-r019s012,5,14.0,17.0,27.0,27.0,14.0,1.9285714285714286
atlas_v2,stroke_lesion,sub-r011s020,3,15.0,20.0,26.0,26.0,15.0,1.7333333333333334
atlas_v2,stroke_lesion,sub-r042s035,9,39.0,40.0,48.0,48.0,39.0,1.2307692307692308
atlas_v2,stroke_lesion,sub-r038s060,10,55.0,95.0,88.0,95.0,55.0,1.7272727272727273
atlas_v2,stroke_lesion,sub-r040s085,1,9.0,8.0,7.0,9.0,7.0,1.2857142857142858
atlas_v2,stroke_lesion,sub-r038s028,8,38.0,84.0,61.0,84.0,38.0,2.210526315789474
atlas_v2,stroke_lesion,sub-r023s009,26,57.0,117.0,90.0,117.0,57.0,2.0526315789473686
atlas_v2,stroke_lesion,sub-r040s070,10,20.0,42.0,44.0,44.0,20.0,2.2
atlas_v2,stroke_lesion,sub-r005s075,3,41.0,56.0,57.0,57.0,41.0,1.3902439024390243
atlas_v2,stroke_lesion,sub-r040s008,12,32.0,56.0,41.0,56.0,32.0,1.75
atlas_v2,stroke_lesion,sub-r010s005,3,28.0,58.0,60.0,60.0,28.0,2.142857142857143
atlas_v2,stroke_lesion,sub-r009s067,13,53.0,43.0,67.0,67.0,43.0,1.558139534883721
atlas_v2,stroke_lesion,sub-r039s003,1,18.0,14.0,16.0,18.0,14.0,1.2857142857142858
atlas_v2,stroke_lesion,sub-r028s002,9,50.0,92.0,72.0,92.0,50.0,1.84
atlas_v2,stroke_lesion,sub-r031s027,1,16.0,21.0,26.0,26.0,16.0,1.625
atlas_v2,stroke_lesion,sub-r038s061,5,71.0,112.0,108.0,112.0,71.0,1.5774647887323943
atlas_v2,stroke_lesion,sub-r011s001,3,10.0,28.0,15.0,28.0,10.0,2.8
atlas_v2,stroke_lesion,sub-r052s015,2,17.0,15.0,17.0,17.0,15.0,1.1333333333333333
atlas_v2,stroke_lesion,sub-r003s004,3,62.0,94.0,91.0,94.0,62.0,1.5161290322580645
gnc_kidney,hyper_r,130598_v30,1,7.03125,5.625,12.0,12.0,5.625,2.1333333333333333
gnc_kidney,hyper_r,100228_v30,1,9.84375,7.03125,15.0,15.0,7.03125,2.1333333333333333
gnc_kidney,hyper_r,130952_v30,1,8.4375,8.4375,9.0,9.0,8.4375,1.0666666666666667
gnc_kidney,hyper_r,100399_v30,1,5.625,4.21875,9.0,9.0,4.21875,2.1333333333333333
gnc_kidney,hyper_r,131057_v30,2,15.46875,16.875,24.0,24.0,15.46875,1.5515151515151515
gnc_kidney,hyper_r,130454_v30,1,12.65625,11.25,15.0,15.0,11.25,1.3333333333333333
gnc_kidney,hyper_r,126242_v30,1,12.65625,8.4375,12.0,12.65625,8.4375,1.5
gnc_kidney,hyper_r,130844_v30,1,7.03125,8.4375,9.0,9.0,7.03125,1.28
gnc_kidney,hyper_r,130712_v30,1,23.90625,16.875,18.0,23.90625,16.875,1.4166666666666667
gnc_kidney,hyper_r,104990_v30,1,8.4375,7.03125,12.0,12.0,7.03125,1.7066666666666668
gnc_kidney,hyper_r,130619_v30,7,16.875,12.65625,15.0,16.875,12.65625,1.3333333333333333
gnc_kidney,hyper_r,100045_v30,2,9.84375,8.4375,6.0,9.84375,6.0,1.640625
gnc_kidney,hyper_r,130193_v30,1,11.25,18.28125,21.0,21.0,11.25,1.8666666666666667
gnc_kidney,hyper_r,130537_v30,1,21.09375,8.4375,21.0,21.09375,8.4375,2.5
gnc_kidney,hyper_r,111225_v30,1,4.21875,5.625,15.0,15.0,4.21875,3.5555555555555554
gnc_kidney,hyper_r,100246_v30,1,9.84375,12.65625,12.0,12.65625,9.84375,1.2857142857142858
gnc_kidney,hyper_r,130816_v30,1,9.84375,9.84375,12.0,12.0,9.84375,1.2190476190476192
gnc_kidney,hyper_r,131218_v30,1,8.4375,12.65625,15.0,15.0,8.4375,1.7777777777777777
gnc_kidney,hyper_r,130265_v30,2,11.25,11.25,18.0,18.0,11.25,1.6
gnc_kidney,hyper_r,127233_v30,1,14.0625,5.625,12.0,14.0625,5.625,2.5
gnc_kidney,hyper_r,127857_v30,1,5.625,5.625,12.0,12.0,5.625,2.1333333333333333
gnc_kidney,hyper_r,106141_v30,2,15.46875,9.84375,18.0,18.0,9.84375,1.8285714285714285
gnc_kidney,hyper_r,100510_v30,1,12.65625,15.46875,18.0,18.0,12.65625,1.4222222222222223
gnc_kidney,hyper_r,131072_v30,1,9.84375,12.65625,21.0,21.0,9.84375,2.1333333333333333
gnc_kidney,hyper_r,100720_v30,1,8.4375,5.625,15.0,15.0,5.625,2.6666666666666665
gnc_kidney,hyper_r,131094_v30,1,9.84375,8.4375,12.0,12.0,8.4375,1.4222222222222223
gnc_kidney,hyper_r,126366_v30,1,4.21875,7.03125,9.0,9.0,4.21875,2.1333333333333333
gnc_kidney,hyper_r,101477_v30,1,21.09375,28.125,30.0,30.0,21.09375,1.4222222222222223
gnc_kidney,hyper_r,106242_v30,1,4.21875,2.8125,9.0,9.0,2.8125,3.2
gnc_kidney,hyper_r,100482_v30,1,9.84375,8.4375,12.0,12.0,8.4375,1.4222222222222223
gnc_kidney,hyper_r,129022_v30,2,5.625,5.625,12.0,12.0,5.625,2.1333333333333333
gnc_kidney,hyper_r,130387_v30,1,7.03125,7.03125,12.0,12.0,7.03125,1.7066666666666668
gnc_kidney,hyper_r,131192_v30,1,14.0625,14.0625,12.0,14.0625,12.0,1.171875
gnc_kidney,hyper_r,120142_v30,1,1.40625,5.625,6.0,6.0,1.40625,4.266666666666667
gnc_kidney,hyper_r,130923_v30,1,8.4375,15.46875,18.0,18.0,8.4375,2.1333333333333333
gnc_kidney,hyper_r,100705_v30,1,9.84375,7.03125,12.0,12.0,7.03125,1.7066666666666668
gnc_kidney,hyper_r,116520_v30,1,7.03125,7.03125,15.0,15.0,7.03125,2.1333333333333333
gnc_kidney,hyper_r,130565_v30,1,8.4375,8.4375,9.0,9.0,8.4375,1.0666666666666667
gnc_kidney,hyper_r,130700_v30,1,15.46875,18.28125,15.0,18.28125,15.0,1.21875
gnc_kidney,hyper_r,116352_v30,1,4.21875,5.625,12.0,12.0,4.21875,2.8444444444444446
gnc_kidney,hyper_l,130619_v30,11,14.0625,14.0625,21.0,21.0,14.0625,1.4933333333333334
gnc_kidney,hyper_l,110611_v30,1,5.625,5.625,12.0,12.0,5.625,2.1333333333333333
gnc_kidney,hyper_l,121366_v30,1,11.25,8.4375,12.0,12.0,8.4375,1.4222222222222223
gnc_kidney,hyper_l,130540_v30,1,11.25,11.25,18.0,18.0,11.25,1.6
gnc_kidney,hyper_l,130642_v30,1,11.25,9.84375,12.0,12.0,9.84375,1.2190476190476192
gnc_kidney,hyper_l,119061_v30,1,8.4375,8.4375,15.0,15.0,8.4375,1.7777777777777777
gnc_kidney,hyper_l,130522_v30,1,5.625,5.625,9.0,9.0,5.625,1.6
gnc_kidney,hyper_l,100723_v30,1,7.03125,7.03125,15.0,15.0,7.03125,2.1333333333333333
gnc_kidney,hyper_l,100555_v30,1,7.03125,7.03125,9.0,9.0,7.03125,1.28
gnc_kidney,hyper_l,121794_v30,2,9.84375,9.84375,12.0,12.0,9.84375,1.2190476190476192
gnc_kidney,hyper_l,120747_v30,1,5.625,5.625,9.0,9.0,5.625,1.6
gnc_kidney,hyper_l,130489_v30,1,7.03125,7.03125,12.0,12.0,7.03125,1.7066666666666668
gnc_kidney,hyper_l,130401_v30,2,11.25,12.65625,18.0,18.0,11.25,1.6
gnc_kidney,hyper_l,101045_v30,6,9.84375,9.84375,18.0,18.0,9.84375,1.8285714285714285
gnc_kidney,hyper_l,130952_v30,2,12.65625,7.03125,9.0,12.65625,7.03125,1.8
gnc_kidney,hyper_l,115043_v30,1,8.4375,9.84375,15.0,15.0,8.4375,1.7777777777777777
gnc_kidney,hyper_l,131156_v30,2,5.625,4.21875,9.0,9.0,4.21875,2.1333333333333333
gnc_kidney,hyper_l,100404_v30,1,4.21875,7.03125,9.0,9.0,4.21875,2.1333333333333333
gnc_kidney,hyper_l,130265_v30,2,12.65625,11.25,15.0,15.0,11.25,1.3333333333333333
gnc_kidney,hyper_l,100783_v30,1,9.84375,12.65625,18.0,18.0,9.84375,1.8285714285714285
gnc_kidney,hyper_l,130008_v30,1,14.0625,15.46875,15.0,15.46875,14.0625,1.1
gnc_kidney,hyper_l,101777_v30,1,7.03125,7.03125,18.0,18.0,7.03125,2.56
gnc_kidney,hyper_l,122892_v30,1,9.84375,14.0625,18.0,18.0,9.84375,1.8285714285714285
gnc_kidney,hyper_l,100337_v30,1,7.03125,5.625,12.0,12.0,5.625,2.1333333333333333
gnc_kidney,hyper_l,130790_v30,2,14.0625,16.875,18.0,18.0,14.0625,1.28
gnc_kidney,hyper_l,129199_v30,1,19.6875,18.28125,15.0,19.6875,15.0,1.3125
gnc_kidney,hyper_l,130649_v30,2,12.65625,11.25,12.0,12.65625,11.25,1.125
gnc_kidney,hyper_l,129022_v30,1,4.21875,4.21875,6.0,6.0,4.21875,1.4222222222222223
gnc_kidney,hyper_l,130800_v30,1,4.21875,5.625,15.0,15.0,4.21875,3.5555555555555554
gnc_kidney,hyper_l,124263_v30,1,5.625,5.625,9.0,9.0,5.625,1.6
gnc_kidney,hyper_l,131146_v30,1,9.84375,8.4375,12.0,12.0,8.4375,1.4222222222222223
gnc_kidney,hyper_l,130836_v30,6,23.90625,25.3125,27.0,27.0,23.90625,1.1294117647058823
gnc_kidney,hyper_l,100789_v30,4,11.25,11.25,15.0,15.0,11.25,1.3333333333333333
gnc_kidney,hyper_l,130311_v30,1,8.4375,5.625,9.0,9.0,5.625,1.6
gnc_kidney,hyper_l,130565_v30,1,9.84375,9.84375,9.0,9.84375,9.0,1.09375
gnc_kidney,hyper_l,130068_v30,2,8.4375,15.46875,15.0,15.46875,8.4375,1.8333333333333333
gnc_kidney,hyper_l,100089_v30,1,25.3125,21.09375,27.0,27.0,21.09375,1.28
gnc_kidney,hyper_l,130477_v30,2,26.71875,19.6875,33.0,33.0,19.6875,1.6761904761904762
gnc_kidney,hyper_l,130251_v30,1,14.0625,9.84375,18.0,18.0,9.84375,1.8285714285714285
gnc_kidney,hyper_l,120793_v30,1,14.0625,12.65625,18.0,18.0,12.65625,1.4222222222222223
gnc_kidney,hypo_r,115910_v30,1,19.6875,19.6875,15.0,19.6875,15.0,1.3125
gnc_kidney,hypo_r,114389_v30,1,11.25,12.65625,15.0,15.0,11.25,1.3333333333333333
gnc_kidney,hypo_r,129909_v30,1,9.84375,7.03125,12.0,12.0,7.03125,1.7066666666666668
gnc_kidney,hypo_r,131062_v30,1,14.0625,11.25,18.0,18.0,11.25,1.6
gnc_kidney,hypo_r,130856_v30,1,8.4375,9.84375,12.0,12.0,8.4375,1.4222222222222223
gnc_kidney,hypo_r,117622_v30,1,7.03125,9.84375,12.0,12.0,7.03125,1.7066666666666668
gnc_kidney,hypo_r,131087_v30,1,9.84375,11.25,12.0,12.0,9.84375,1.2190476190476192
gnc_kidney,hypo_r,101151_v30,1,4.21875,5.625,9.0,9.0,4.21875,2.1333333333333333
gnc_kidney,hypo_r,122686_v30,1,9.84375,11.25,12.0,12.0,9.84375,1.2190476190476192
gnc_kidney,hypo_r,130619_v30,5,18.28125,18.28125,15.0,18.28125,15.0,1.21875
gnc_kidney,hypo_r,103067_v30,1,5.625,5.625,12.0,12.0,5.625,2.1333333333333333
gnc_kidney,hypo_r,101727_v30,1,4.21875,5.625,9.0,9.0,4.21875,2.1333333333333333
gnc_kidney,hypo_r,130834_v30,1,9.84375,9.84375,15.0,15.0,9.84375,1.5238095238095237
gnc_kidney,hypo_r,110941_v30,1,5.625,5.625,9.0,9.0,5.625,1.6
gnc_kidney,hypo_r,124311_v30,1,14.0625,14.0625,18.0,18.0,14.0625,1.28
gnc_kidney,hypo_r,111397_v30,1,7.03125,8.4375,15.0,15.0,7.03125,2.1333333333333333
gnc_kidney,hypo_r,120747_v30,1,12.65625,11.25,18.0,18.0,11.25,1.6
gnc_kidney,hypo_r,130106_v30,1,30.9375,19.6875,27.0,30.9375,19.6875,1.5714285714285714
gnc_kidney,hypo_r,130952_v30,3,11.25,9.84375,15.0,15.0,9.84375,1.5238095238095237
gnc_kidney,hypo_r,130189_v30,2,5.625,7.03125,12.0,12.0,5.625,2.1333333333333333
gnc_kidney,hypo_r,130592_v30,1,21.09375,16.875,15.0,21.09375,15.0,1.40625
gnc_kidney,hypo_r,128970_v30,12,59.0625,63.28125,48.0,63.28125,48.0,1.318359375
gnc_kidney,hypo_r,115713_v30,2,25.3125,29.53125,30.0,30.0,25.3125,1.1851851851851851
gnc_kidney,hypo_r,116352_v30,2,14.0625,15.46875,15.0,15.46875,14.0625,1.1
gnc_kidney,hypo_r,100172_v30,1,4.21875,5.625,9.0,9.0,4.21875,2.1333333333333333
gnc_kidney,hypo_r,130655_v30,2,8.4375,7.03125,9.0,9.0,7.03125,1.28
gnc_kidney,hypo_r,102032_v30,1,28.125,26.71875,24.0,28.125,24.0,1.171875
gnc_kidney,hypo_r,116520_v30,1,15.46875,16.875,21.0,21.0,15.46875,1.3575757575757577
gnc_kidney,hypo_r,130933_v30,1,46.40625,52.03125,51.0,52.03125,46.40625,1.121212121212121
gnc_kidney,hypo_r,130125_v30,1,5.625,5.625,9.0,9.0,5.625,1.6
gnc_kidney,hypo_r,107619_v30,1,12.65625,12.65625,15.0,15.0,12.65625,1.1851851851851851
gnc_kidney,hypo_r,131125_v30,1,12.65625,15.46875,18.0,18.0,12.65625,1.4222222222222223
gnc_kidney,hypo_r,109293_v30,2,19.6875,16.875,21.0,21.0,16.875,1.2444444444444445
gnc_kidney,hypo_r,129584_v30,1,11.25,11.25,12.0,12.0,11.25,1.0666666666666667
gnc_kidney,hypo_r,122981_v30,1,8.4375,7.03125,9.0,9.0,7.03125,1.28
gnc_kidney,hypo_r,119732_v30,1,32.34375,46.40625,42.0,46.40625,32.34375,1.434782608695652
gnc_kidney,hypo_r,131115_v30,1,5.625,8.4375,15.0,15.0,5.625,2.6666666666666665
gnc_kidney,hypo_r,101398_v30,1,5.625,5.625,9.0,9.0,5.625,1.6
gnc_kidney,hypo_r,131183_v30,1,28.125,22.5,18.0,28.125,18.0,1.5625
gnc_kidney,hypo_r,100824_v30,1,4.21875,4.21875,6.0,6.0,4.21875,1.4222222222222223
gnc_kidney,hypo_l,129022_v30,1,8.4375,9.84375,9.0,9.84375,8.4375,1.1666666666666667
gnc_kidney,hypo_l,131166_v30,1,22.5,26.71875,27.0,27.0,22.5,1.2
gnc_kidney,hypo_l,129955_v30,1,7.03125,7.03125,12.0,12.0,7.03125,1.7066666666666668
gnc_kidney,hypo_l,130612_v30,2,9.84375,9.84375,15.0,15.0,9.84375,1.5238095238095237
gnc_kidney,hypo_l,125495_v30,2,5.625,7.03125,9.0,9.0,5.625,1.6
gnc_kidney,hypo_l,131107_v30,1,7.03125,8.4375,9.0,9.0,7.03125,1.28
gnc_kidney,hypo_l,131213_v30,1,8.4375,12.65625,15.0,15.0,8.4375,1.7777777777777777
gnc_kidney,hypo_l,127117_v30,1,16.875,11.25,21.0,21.0,11.25,1.8666666666666667
gnc_kidney,hypo_l,122464_v30,1,7.03125,5.625,9.0,9.0,5.625,1.6
gnc_kidney,hypo_l,101172_v30,1,5.625,5.625,9.0,9.0,5.625,1.6
gnc_kidney,hypo_l,119079_v30,1,7.03125,5.625,9.0,9.0,5.625,1.6
gnc_kidney,hypo_l,107750_v30,1,12.65625,11.25,18.0,18.0,11.25,1.6
gnc_kidney,hypo_l,130842_v30,1,11.25,11.25,15.0,15.0,11.25,1.3333333333333333
gnc_kidney,hypo_l,124914_v30,1,7.03125,7.03125,12.0,12.0,7.03125,1.7066666666666668
gnc_kidney,hypo_l,100714_v30,2,28.125,29.53125,27.0,29.53125,27.0,1.09375
gnc_kidney,hypo_l,130919_v30,1,9.84375,9.84375,12.0,12.0,9.84375,1.2190476190476192
gnc_kidney,hypo_l,109414_v30,2,14.0625,16.875,15.0,16.875,14.0625,1.2
gnc_kidney,hypo_l,114481_v30,1,12.65625,11.25,15.0,15.0,11.25,1.3333333333333333
gnc_kidney,hypo_l,100639_v30,1,5.625,8.4375,18.0,18.0,5.625,3.2
gnc_kidney,hypo_l,100633_v30,1,11.25,11.25,12.0,12.0,11.25,1.0666666666666667
gnc_kidney,hypo_l,131036_v30,1,7.03125,5.625,12.0,12.0,5.625,2.1333333333333333
gnc_kidney,hypo_l,130144_v30,1,15.46875,19.6875,15.0,19.6875,15.0,1.3125
gnc_kidney,hypo_l,100461_v30,1,8.4375,7.03125,12.0,12.0,7.03125,1.7066666666666668
gnc_kidney,hypo_l,124311_v30,1,15.46875,14.0625,18.0,18.0,14.0625,1.28
gnc_kidney,hypo_l,100172_v30,3,8.4375,9.84375,18.0,18.0,8.4375,2.1333333333333333
gnc_kidney,hypo_l,124563_v30,1,21.09375,19.6875,15.0,21.09375,15.0,1.40625
gnc_kidney,hypo_l,101628_v30,1,5.625,4.21875,9.0,9.0,4.21875,2.1333333333333333
gnc_kidney,hypo_l,101520_v30,1,5.625,4.21875,9.0,9.0,4.21875,2.1333333333333333
gnc_kidney,hypo_l,102196_v30,1,7.03125,8.4375,12.0,12.0,7.03125,1.7066666666666668
gnc_kidney,hypo_l,131118_v30,2,12.65625,14.0625,15.0,15.0,12.65625,1.1851851851851851
gnc_kidney,hypo_l,121516_v30,1,26.71875,23.90625,24.0,26.71875,23.90625,1.1176470588235294
gnc_kidney,hypo_l,111838_v30,1,11.25,14.0625,12.0,14.0625,11.25,1.25
gnc_kidney,hypo_l,119807_v30,1,5.625,7.03125,9.0,9.0,5.625,1.6
gnc_kidney,hypo_l,110115_v30,1,9.84375,8.4375,15.0,15.0,8.4375,1.7777777777777777
gnc_kidney,hypo_l,130301_v30,1,11.25,11.25,15.0,15.0,11.25,1.3333333333333333
gnc_kidney,hypo_l,127690_v30,1,14.0625,18.28125,15.0,18.28125,14.0625,1.3
gnc_kidney,hypo_l,115043_v30,1,8.4375,9.84375,15.0,15.0,8.4375,1.7777777777777777
gnc_kidney,hypo_l,100906_v30,1,14.0625,12.65625,18.0,18.0,12.65625,1.4222222222222223
gnc_kidney,hypo_l,124027_v30,1,47.8125,47.8125,39.0,47.8125,39.0,1.2259615384615385
gnc_kidney,hypo_l,128332_v30,2,15.46875,14.0625,18.0,18.0,14.0625,1.28
gnc_kidney,complex_r,100012_v30,1,16.875,15.46875,15.0,16.875,15.0,1.125
gnc_kidney,complex_r,100789_v30,2,77.34375,64.6875,96.0,96.0,64.6875,1.4840579710144928
gnc_kidney,complex_r,101198_v30,1,29.53125,29.53125,42.0,42.0,29.53125,1.4222222222222223
gnc_kidney,complex_r,106817_v30,3,87.1875,82.96875,114.0,114.0,82.96875,1.3740112994350282
gnc_kidney,complex_r,115910_v30,1,19.6875,21.09375,21.0,21.09375,19.6875,1.0714285714285714
gnc_kidney,complex_r,120142_v30,1,8.4375,7.03125,12.0,12.0,7.03125,1.7066666666666668
gnc_kidney,complex_r,124632_v30,1,30.9375,25.3125,21.0,30.9375,21.0,1.4732142857142858
gnc_kidney,complex_r,124681_v30,1,19.6875,15.46875,15.0,19.6875,15.0,1.3125
gnc_kidney,complex_r,126242_v30,1,15.46875,16.875,15.0,16.875,15.0,1.125
gnc_kidney,complex_r,129199_v30,2,70.3125,81.5625,72.0,81.5625,70.3125,1.16
gnc_kidney,complex_r,131146_v30,1,29.53125,28.125,30.0,30.0,28.125,1.0666666666666667
gnc_kidney,complex_r,131156_v30,1,19.6875,19.6875,24.0,24.0,19.6875,1.2190476190476192
gnc_kidney,complex_l,100404_v30,1,9.84375,8.4375,12.0,12.0,8.4375,1.4222222222222223
gnc_kidney,complex_l,101121_v30,1,29.53125,28.125,15.0,29.53125,15.0,1.96875
gnc_kidney,complex_l,101777_v30,1,28.125,28.125,33.0,33.0,28.125,1.1733333333333333
gnc_kidney,complex_l,106817_v30,4,92.8125,78.75,93.0,93.0,78.75,1.180952380952381
gnc_kidney,complex_l,114808_v30,1,7.03125,8.4375,12.0,12.0,7.03125,1.7066666666666668
gnc_kidney,complex_l,121907_v30,1,30.9375,30.9375,27.0,30.9375,27.0,1.1458333333333333
gnc_kidney,complex_l,122686_v30,1,19.6875,22.5,12.0,22.5,12.0,1.875
gnc_kidney,complex_l,124027_v30,1,47.8125,47.8125,39.0,47.8125,39.0,1.2259615384615385
gnc_kidney,complex_l,124168_v30,1,32.34375,32.34375,30.0,32.34375,30.0,1.078125
gnc_kidney,complex_l,124563_v30,1,23.90625,23.90625,21.0,23.90625,21.0,1.1383928571428572
gnc_kidney,complex_l,124681_v30,1,15.46875,11.25,18.0,18.0,11.25,1.6
gnc_kidney,complex_l,127233_v30,2,16.875,25.3125,15.0,25.3125,15.0,1.6875
gnc_kidney,complex_l,128332_v30,1,18.28125,14.0625,15.0,18.28125,14.0625,1.3
gnc_kidney,complex_l,130619_v30,2,29.53125,46.40625,39.0,46.40625,29.53125,1.5714285714285714
gnc_kidney,complex_l,130780_v30,1,11.25,12.65625,15.0,15.0,11.25,1.3333333333333333
gnc_kidney,complex_l,130871_v30,1,12.65625,12.65625,21.0,21.0,12.65625,1.6592592592592592
gnc_kidney,complex_l,130895_v30,1,29.53125,32.34375,30.0,32.34375,29.53125,1.0952380952380953
gnc_kidney,complex_l,131156_v30,1,9.84375,14.0625,12.0,14.0625,9.84375,1.4285714285714286
gnc_kidney,hyper_cyst_r,100246_v30,1,9.84375,11.25,12.0,12.0,9.84375,1.2190476190476192
gnc_kidney,hyper_cyst_r,118834_v30,1,8.4375,12.65625,15.0,15.0,8.4375,1.7777777777777777
gnc_kidney,hyper_cyst_r,100415_v30,1,5.625,5.625,9.0,9.0,5.625,1.6
gnc_kidney,hyper_cyst_r,126242_v30,1,7.03125,9.84375,9.0,9.84375,7.03125,1.4
gnc_kidney,hyper_cyst_r,130387_v30,1,5.625,8.4375,9.0,9.0,5.625,1.6
gnc_kidney,hyper_cyst_r,120142_v30,1,1.40625,5.625,6.0,6.0,1.40625,4.266666666666667
gnc_kidney,hyper_cyst_r,100678_v30,1,5.625,7.03125,9.0,9.0,5.625,1.6
gnc_kidney,hyper_cyst_r,130397_v30,2,11.25,12.65625,12.0,12.65625,11.25,1.125
gnc_kidney,hyper_cyst_r,130923_v30,1,7.03125,11.25,15.0,15.0,7.03125,2.1333333333333333
gnc_kidney,hyper_cyst_r,100045_v30,1,9.84375,9.84375,15.0,15.0,9.84375,1.5238095238095237
gnc_kidney,hyper_cyst_r,130537_v30,1,14.0625,7.03125,15.0,15.0,7.03125,2.1333333333333333
gnc_kidney,hyper_cyst_r,104638_v30,1,8.4375,8.4375,12.0,12.0,8.4375,1.4222222222222223
gnc_kidney,hyper_cyst_r,131072_v30,1,5.625,8.4375,12.0,12.0,5.625,2.1333333333333333
gnc_kidney,hyper_cyst_r,110440_v30,1,5.625,7.03125,9.0,9.0,5.625,1.6
gnc_kidney,hyper_cyst_r,130161_v30,1,8.4375,9.84375,12.0,12.0,8.4375,1.4222222222222223
gnc_kidney,hyper_cyst_r,106389_v30,1,4.21875,4.21875,6.0,6.0,4.21875,1.4222222222222223
gnc_kidney,hyper_cyst_r,100705_v30,3,8.4375,5.625,12.0,12.0,5.625,2.1333333333333333
gnc_kidney,hyper_cyst_r,131218_v30,1,5.625,9.84375,15.0,15.0,5.625,2.6666666666666665
gnc_kidney,hyper_cyst_r,103374_v30,1,4.21875,4.21875,12.0,12.0,4.21875,2.8444444444444446
gnc_kidney,hyper_cyst_r,100720_v30,1,5.625,5.625,15.0,15.0,5.625,2.6666666666666665
gnc_kidney,hyper_cyst_r,118328_v30,1,4.21875,4.21875,9.0,9.0,4.21875,2.1333333333333333
gnc_kidney,hyper_cyst_r,130193_v30,1,9.84375,16.875,21.0,21.0,9.84375,2.1333333333333333
gnc_kidney,hyper_cyst_r,130471_v30,1,5.625,11.25,9.0,11.25,5.625,2.0
gnc_kidney,hyper_cyst_r,130433_v30,1,7.03125,5.625,12.0,12.0,5.625,2.1333333333333333
gnc_kidney,hyper_cyst_r,100228_v30,1,8.4375,7.03125,15.0,15.0,7.03125,2.1333333333333333
gnc_kidney,hyper_cyst_r,124027_v30,1,5.625,2.8125,9.0,9.0,2.8125,3.2
gnc_kidney,hyper_cyst_r,130265_v30,4,7.03125,5.625,12.0,12.0,5.625,2.1333333333333333
gnc_kidney,hyper_cyst_r,109095_v30,2,12.65625,12.65625,12.0,12.65625,12.0,1.0546875
gnc_kidney,hyper_cyst_r,100589_v30,2,30.9375,29.53125,30.0,30.9375,29.53125,1.0476190476190477
gnc_kidney,hyper_cyst_r,128970_v30,4,12.65625,12.65625,12.0,12.65625,12.0,1.0546875
gnc_kidney,hyper_cyst_r,101587_v30,1,14.0625,14.0625,18.0,18.0,14.0625,1.28
gnc_kidney,hyper_cyst_r,131077_v30,1,5.625,5.625,6.0,6.0,5.625,1.0666666666666667
gnc_kidney,hyper_cyst_r,102229_v30,1,11.25,12.65625,18.0,18.0,11.25,1.6
gnc_kidney,hyper_cyst_r,119955_v30,1,5.625,8.4375,18.0,18.0,5.625,3.2
gnc_kidney,hyper_cyst_r,130598_v30,1,5.625,5.625,9.0,9.0,5.625,1.6
gnc_kidney,hyper_cyst_r,130700_v30,1,14.0625,15.46875,15.0,15.46875,14.0625,1.1
gnc_kidney,hyper_cyst_r,116520_v30,1,7.03125,5.625,12.0,12.0,5.625,2.1333333333333333
gnc_kidney,hyper_cyst_r,111446_v30,1,5.625,5.625,12.0,12.0,5.625,2.1333333333333333
gnc_kidney,hyper_cyst_r,130952_v30,2,4.21875,4.21875,9.0,9.0,4.21875,2.1333333333333333
gnc_kidney,hyper_cyst_r,122723_v30,1,9.84375,8.4375,12.0,12.0,8.4375,1.4222222222222223
gnc_kidney,hyper_cyst_l,129022_v30,1,4.21875,4.21875,9.0,9.0,4.21875,2.1333333333333333
gnc_kidney,hyper_cyst_l,128460_v30,1,5.625,7.03125,12.0,12.0,5.625,2.1333333333333333
gnc_kidney,hyper_cyst_l,117447_v30,1,5.625,5.625,9.0,9.0,5.625,1.6
gnc_kidney,hyper_cyst_l,130068_v30,1,8.4375,11.25,18.0,18.0,8.4375,2.1333333333333333
gnc_kidney,hyper_cyst_l,100654_v30,1,14.0625,23.90625,12.0,23.90625,12.0,1.9921875
gnc_kidney,hyper_cyst_l,100847_v30,1,7.03125,5.625,12.0,12.0,5.625,2.1333333333333333
gnc_kidney,hyper_cyst_l,121907_v30,1,19.6875,14.0625,24.0,24.0,14.0625,1.7066666666666668
gnc_kidney,hyper_cyst_l,130540_v30,1,11.25,11.25,15.0,15.0,11.25,1.3333333333333333
gnc_kidney,hyper_cyst_l,124168_v30,1,16.875,7.03125,15.0,16.875,7.03125,2.4
gnc_kidney,hyper_cyst_l,120379_v30,1,5.625,7.03125,9.0,9.0,5.625,1.6
gnc_kidney,hyper_cyst_l,130008_v30,1,9.84375,9.84375,12.0,12.0,9.84375,1.2190476190476192
gnc_kidney,hyper_cyst_l,121318_v30,4,11.25,11.25,9.0,11.25,9.0,1.25
gnc_kidney,hyper_cyst_l,130435_v30,2,8.4375,4.21875,9.0,9.0,4.21875,2.1333333333333333
gnc_kidney,hyper_cyst_l,100723_v30,1,7.03125,7.03125,12.0,12.0,7.03125,1.7066666666666668
gnc_kidney,hyper_cyst_l,130619_v30,8,15.46875,14.0625,12.0,15.46875,12.0,1.2890625
gnc_kidney,hyper_cyst_l,100337_v30,1,4.21875,5.625,6.0,6.0,4.21875,1.4222222222222223
gnc_kidney,hyper_cyst_l,126722_v30,1,8.4375,8.4375,9.0,9.0,8.4375,1.0666666666666667
gnc_kidney,hyper_cyst_l,113326_v30,1,5.625,5.625,9.0,9.0,5.625,1.6
gnc_kidney,hyper_cyst_l,130800_v30,1,5.625,7.03125,15.0,15.0,5.625,2.6666666666666665
gnc_kidney,hyper_cyst_l,101207_v30,1,4.21875,4.21875,9.0,9.0,4.21875,2.1333333333333333
gnc_kidney,hyper_cyst_l,100510_v30,1,4.21875,4.21875,6.0,6.0,4.21875,1.4222222222222223
gnc_kidney,hyper_cyst_l,115043_v30,1,7.03125,9.84375,12.0,12.0,7.03125,1.7066666666666668
gnc_kidney,hyper_cyst_l,103374_v30,1,12.65625,11.25,15.0,15.0,11.25,1.3333333333333333
gnc_kidney,hyper_cyst_l,100622_v30,1,15.46875,18.28125,24.0,24.0,15.46875,1.5515151515151515
gnc_kidney,hyper_cyst_l,130311_v30,1,8.4375,5.625,9.0,9.0,5.625,1.6
gnc_kidney,hyper_cyst_l,100783_v30,1,8.4375,12.65625,15.0,15.0,8.4375,1.7777777777777777
gnc_kidney,hyper_cyst_l,130385_v30,1,7.03125,7.03125,9.0,9.0,7.03125,1.28
gnc_kidney,hyper_cyst_l,121943_v30,1,8.4375,9.84375,15.0,15.0,8.4375,1.7777777777777777
gnc_kidney,hyper_cyst_l,106242_v30,1,7.03125,9.84375,15.0,15.0,7.03125,2.1333333333333333
gnc_kidney,hyper_cyst_l,129175_v30,1,5.625,5.625,6.0,6.0,5.625,1.0666666666666667
gnc_kidney,hyper_cyst_l,130251_v30,1,12.65625,8.4375,15.0,15.0,8.4375,1.7777777777777777
gnc_kidney,hyper_cyst_l,100606_v30,1,5.625,5.625,12.0,12.0,5.625,2.1333333333333333
gnc_kidney,hyper_cyst_l,131197_v30,1,5.625,8.4375,9.0,9.0,5.625,1.6
gnc_kidney,hyper_cyst_l,110303_v30,1,1.40625,5.625,9.0,9.0,1.40625,6.4
gnc_kidney,hyper_cyst_l,128158_v30,1,8.4375,7.03125,12.0,12.0,7.03125,1.7066666666666668
gnc_kidney,hyper_cyst_l,100089_v30,2,22.5,19.6875,27.0,27.0,19.6875,1.3714285714285714
gnc_kidney,hyper_cyst_l,100566_v30,1,7.03125,11.25,12.0,12.0,7.03125,1.7066666666666668
gnc_kidney,hyper_cyst_l,100482_v30,1,7.03125,5.625,6.0,7.03125,5.625,1.25
gnc_kidney,hyper_cyst_l,130220_v30,1,2.8125,4.21875,6.0,6.0,2.8125,2.1333333333333333
gnc_kidney,hyper_cyst_l,100678_v30,1,11.25,9.84375,15.0,15.0,9.84375,1.5238095238095237
gnc_kidney,hyper_mask_r,111225_v30,1,4.21875,5.625,12.0,12.0,4.21875,2.8444444444444446
gnc_kidney,hyper_mask_l,115482_v30,1,11.25,9.84375,12.0,12.0,9.84375,1.2190476190476192
gnc_kidney,hyper_mask_l,130565_v30,1,8.4375,4.21875,9.0,9.0,4.21875,2.1333333333333333
gnc_kidney,hypo_mask_r,119732_v30,2,25.3125,28.125,24.0,28.125,24.0,1.171875
gnc_kidney,hypo_mask_r,122248_v30,2,14.0625,14.0625,15.0,15.0,14.0625,1.0666666666666667
gnc_kidney,hypo_mask_r,117819_v30,1,14.0625,15.46875,18.0,18.0,14.0625,1.28
gnc_kidney,hypo_mask_r,118567_v30,6,29.53125,30.9375,45.0,45.0,29.53125,1.5238095238095237
gnc_kidney,hypo_mask_r,131125_v30,1,12.65625,15.46875,15.0,15.46875,12.65625,1.2222222222222223
gnc_kidney,hypo_mask_r,130631_v30,2,9.84375,11.25,12.0,12.0,9.84375,1.2190476190476192
gnc_kidney,hypo_mask_r,121013_v30,2,22.5,21.09375,15.0,22.5,15.0,1.5
gnc_kidney,hypo_mask_r,117217_v30,1,12.65625,11.25,15.0,15.0,11.25,1.3333333333333333
gnc_kidney,hypo_mask_r,129058_v30,4,12.65625,11.25,24.0,24.0,11.25,2.1333333333333333
gnc_kidney,hypo_mask_r,122020_v30,1,8.4375,9.84375,12.0,12.0,8.4375,1.4222222222222223
gnc_kidney,hypo_mask_r,130537_v30,2,23.90625,19.6875,18.0,23.90625,18.0,1.328125
gnc_kidney,hypo_mask_r,130856_v30,1,7.03125,7.03125,6.0,7.03125,6.0,1.171875
gnc_kidney,hypo_mask_r,130612_v30,2,7.03125,7.03125,6.0,7.03125,6.0,1.171875
gnc_kidney,hypo_mask_r,130425_v30,1,12.65625,12.65625,15.0,15.0,12.65625,1.1851851851851851
gnc_kidney,hypo_mask_r,121617_v30,3,15.46875,15.46875,18.0,18.0,15.46875,1.1636363636363636
gnc_kidney,hypo_mask_r,110372_v30,1,8.4375,11.25,12.0,12.0,8.4375,1.4222222222222223
gnc_kidney,hypo_mask_r,126242_v30,1,12.65625,12.65625,15.0,15.0,12.65625,1.1851851851851851
gnc_kidney,hypo_mask_r,131067_v30,1,2.8125,2.8125,6.0,6.0,2.8125,2.1333333333333333
gnc_kidney,hypo_mask_r,131166_v30,2,11.25,12.65625,12.0,12.65625,11.25,1.125
gnc_kidney,hypo_mask_r,109916_v30,2,5.625,5.625,9.0,9.0,5.625,1.6
gnc_kidney,hypo_mask_r,102112_v30,2,7.03125,7.03125,9.0,9.0,7.03125,1.28
gnc_kidney,hypo_mask_r,103067_v30,1,5.625,5.625,6.0,6.0,5.625,1.0666666666666667
gnc_kidney,hypo_mask_r,102868_v30,5,18.28125,15.46875,15.0,18.28125,15.0,1.21875
gnc_kidney,hypo_mask_r,127476_v30,1,12.65625,8.4375,9.0,12.65625,8.4375,1.5
gnc_kidney,hypo_mask_r,124085_v30,2,7.03125,7.03125,12.0,12.0,7.03125,1.7066666666666668
gnc_kidney,hypo_mask_r,115317_v30,1,8.4375,8.4375,9.0,9.0,8.4375,1.0666666666666667
gnc_kidney,hypo_mask_r,100172_v30,1,4.21875,5.625,6.0,6.0,4.21875,1.4222222222222223
gnc_kidney,hypo_mask_r,111307_v30,3,21.09375,21.09375,24.0,24.0,21.09375,1.1377777777777778
gnc_kidney,hypo_mask_r,110273_v30,4,15.46875,15.46875,18.0,18.0,15.46875,1.1636363636363636
gnc_kidney,hypo_mask_r,127813_v30,3,56.25,66.09375,63.0,66.09375,56.25,1.175
gnc_kidney,hypo_mask_r,117494_v30,1,11.25,12.65625,12.0,12.65625,11.25,1.125
gnc_kidney,hypo_mask_r,111128_v30,1,32.34375,36.5625,30.0,36.5625,30.0,1.21875
gnc_kidney,hypo_mask_r,130337_v30,5,90.0,70.3125,72.0,90.0,70.3125,1.28
gnc_kidney,hypo_mask_r,113456_v30,1,14.0625,15.46875,15.0,15.46875,14.0625,1.1
gnc_kidney,hypo_mask_r,111499_v30,2,7.03125,7.03125,9.0,9.0,7.03125,1.28
gnc_kidney,hypo_mask_r,130206_v30,1,4.21875,5.625,9.0,9.0,4.21875,2.1333333333333333
gnc_kidney,hypo_mask_r,128970_v30,18,40.78125,36.5625,48.0,48.0,36.5625,1.3128205128205128
gnc_kidney,hypo_mask_r,110418_v30,2,70.3125,60.46875,51.0,70.3125,51.0,1.3786764705882353
gnc_kidney,hypo_mask_r,122981_v30,1,8.4375,8.4375,9.0,9.0,8.4375,1.0666666666666667
gnc_kidney,hypo_mask_r,131202_v30,3,11.25,11.25,15.0,15.0,11.25,1.3333333333333333
gnc_kidney,hypo_mask_l,124930_v30,1,9.84375,9.84375,12.0,12.0,9.84375,1.2190476190476192
gnc_kidney,hypo_mask_l,110941_v30,1,5.625,7.03125,9.0,9.0,5.625,1.6
gnc_kidney,hypo_mask_l,130551_v30,1,8.4375,7.03125,6.0,8.4375,6.0,1.40625
gnc_kidney,hypo_mask_l,131183_v30,1,12.65625,11.25,15.0,15.0,11.25,1.3333333333333333
gnc_kidney,hypo_mask_l,103067_v30,2,16.875,28.125,24.0,28.125,16.875,1.6666666666666667
gnc_kidney,hypo_mask_l,128549_v30,1,8.4375,9.84375,9.0,9.84375,8.4375,1.1666666666666667
gnc_kidney,hypo_mask_l,118645_v30,1,33.75,29.53125,18.0,33.75,18.0,1.875
gnc_kidney,hypo_mask_l,125350_v30,4,22.5,22.5,27.0,27.0,22.5,1.2
gnc_kidney,hypo_mask_l,130435_v30,1,16.875,15.46875,18.0,18.0,15.46875,1.1636363636363636
gnc_kidney,hypo_mask_l,102196_v30,1,7.03125,8.4375,12.0,12.0,7.03125,1.7066666666666668
gnc_kidney,hypo_mask_l,116538_v30,1,25.3125,22.5,24.0,25.3125,22.5,1.125
gnc_kidney,hypo_mask_l,130447_v30,1,5.625,8.4375,12.0,12.0,5.625,2.1333333333333333
gnc_kidney,hypo_mask_l,126969_v30,1,4.21875,5.625,6.0,6.0,4.21875,1.4222222222222223
gnc_kidney,hypo_mask_l,130411_v30,1,8.4375,8.4375,6.0,8.4375,6.0,1.40625
gnc_kidney,hypo_mask_l,112670_v30,2,12.65625,15.46875,9.0,15.46875,9.0,1.71875
gnc_kidney,hypo_mask_l,130080_v30,2,4.21875,5.625,9.0,9.0,4.21875,2.1333333333333333
gnc_kidney,hypo_mask_l,103522_v30,4,46.40625,40.78125,51.0,51.0,40.78125,1.2505747126436781
gnc_kidney,hypo_mask_l,130068_v30,1,5.625,5.625,9.0,9.0,5.625,1.6
gnc_kidney,hypo_mask_l,130243_v30,1,5.625,4.21875,9.0,9.0,4.21875,2.1333333333333333
gnc_kidney,hypo_mask_l,119860_v30,3,8.4375,9.84375,12.0,12.0,8.4375,1.4222222222222223
gnc_kidney,hypo_mask_l,121013_v30,2,8.4375,8.4375,12.0,12.0,8.4375,1.4222222222222223
gnc_kidney,hypo_mask_l,109073_v30,1,9.84375,8.4375,9.0,9.84375,8.4375,1.1666666666666667
gnc_kidney,hypo_mask_l,111684_v30,1,8.4375,8.4375,12.0,12.0,8.4375,1.4222222222222223
gnc_kidney,hypo_mask_l,130477_v30,1,7.03125,7.03125,6.0,7.03125,6.0,1.171875
gnc_kidney,hypo_mask_l,116703_v30,2,33.75,28.125,33.0,33.75,28.125,1.2
gnc_kidney,hypo_mask_l,110283_v30,2,11.25,14.0625,9.0,14.0625,9.0,1.5625
gnc_kidney,hypo_mask_l,100648_v30,1,5.625,7.03125,9.0,9.0,5.625,1.6
gnc_kidney,hypo_mask_l,123151_v30,2,16.875,18.28125,18.0,18.28125,16.875,1.0833333333333333
gnc_kidney,hypo_mask_l,130800_v30,1,8.4375,8.4375,12.0,12.0,8.4375,1.4222222222222223
gnc_kidney,hypo_mask_l,129145_v30,5,11.25,11.25,12.0,12.0,11.25,1.0666666666666667
gnc_kidney,hypo_mask_l,115046_v30,2,21.09375,21.09375,18.0,21.09375,18.0,1.171875
gnc_kidney,hypo_mask_l,120145_v30,1,7.03125,5.625,9.0,9.0,5.625,1.6
gnc_kidney,hypo_mask_l,100678_v30,1,4.21875,5.625,6.0,6.0,4.21875,1.4222222222222223
gnc_kidney,hypo_mask_l,103047_v30,4,25.3125,23.90625,21.0,25.3125,21.0,1.2053571428571428
gnc_kidney,hypo_mask_l,130113_v30,1,46.40625,46.40625,45.0,46.40625,45.0,1.03125
gnc_kidney,hypo_mask_l,129641_v30,5,28.125,28.125,24.0,28.125,24.0,1.171875
gnc_kidney,hypo_mask_l,100063_v30,1,7.03125,7.03125,9.0,9.0,7.03125,1.28
gnc_kidney,hypo_mask_l,100705_v30,1,7.03125,7.03125,9.0,9.0,7.03125,1.28
gnc_kidney,hypo_mask_l,110418_v30,4,12.65625,14.0625,12.0,14.0625,12.0,1.171875
gnc_kidney,hypo_mask_l,111028_v30,2,15.46875,15.46875,18.0,18.0,15.46875,1.1636363636363636
gnc_kidney,complex_cyst_r,109288_v30,1,11.25,9.84375,12.0,12.0,9.84375,1.2190476190476192
gnc_kidney,complex_cyst_r,130619_v30,2,18.28125,18.28125,18.0,18.28125,18.0,1.015625
gnc_kidney,complex_cyst_r,109293_v30,2,15.46875,18.28125,18.0,18.28125,15.46875,1.1818181818181819
gnc_kidney,complex_cyst_r,122723_v30,1,9.84375,11.25,18.0,18.0,9.84375,1.8285714285714285
gnc_kidney,complex_cyst_r,130598_v30,1,5.625,8.4375,12.0,12.0,5.625,2.1333333333333333
gnc_kidney,complex_cyst_r,109904_v30,2,26.71875,25.3125,18.0,26.71875,18.0,1.484375
gnc_kidney,complex_cyst_r,131057_v30,2,14.0625,14.0625,18.0,18.0,14.0625,1.28
gnc_kidney,complex_cyst_r,128518_v30,1,7.03125,9.84375,18.0,18.0,7.03125,2.56
gnc_kidney,complex_cyst_r,124027_v30,1,8.4375,9.84375,9.0,9.84375,8.4375,1.1666666666666667
gnc_kidney,complex_cyst_r,121445_v30,1,12.65625,11.25,12.0,12.65625,11.25,1.125
gnc_kidney,complex_cyst_r,115019_v30,1,23.90625,23.90625,27.0,27.0,23.90625,1.1294117647058823
gnc_kidney,complex_cyst_r,119828_v30,1,7.03125,11.25,12.0,12.0,7.03125,1.7066666666666668
gnc_kidney,complex_cyst_r,120142_v30,1,5.625,5.625,12.0,12.0,5.625,2.1333333333333333
gnc_kidney,complex_cyst_r,109916_v30,1,8.4375,12.65625,15.0,15.0,8.4375,1.7777777777777777
gnc_kidney,complex_cyst_r,117837_v30,1,4.21875,7.03125,9.0,9.0,4.21875,2.1333333333333333
gnc_kidney,complex_cyst_r,111647_v30,2,8.4375,15.46875,18.0,18.0,8.4375,2.1333333333333333
gnc_kidney,complex_cyst_r,124188_v30,1,12.65625,14.0625,18.0,18.0,12.65625,1.4222222222222223
gnc_kidney,complex_cyst_r,109788_v30,1,8.4375,8.4375,12.0,12.0,8.4375,1.4222222222222223
gnc_kidney,complex_cyst_r,130537_v30,1,25.3125,25.3125,21.0,25.3125,21.0,1.2053571428571428
gnc_kidney,complex_cyst_r,118057_v30,1,14.0625,14.0625,15.0,15.0,14.0625,1.0666666666666667
gnc_kidney,complex_cyst_r,126032_v30,1,12.65625,14.0625,15.0,15.0,12.65625,1.1851851851851851
gnc_kidney,complex_cyst_r,130397_v30,2,11.25,12.65625,12.0,12.65625,11.25,1.125
gnc_kidney,complex_cyst_r,114917_v30,1,16.875,16.875,18.0,18.0,16.875,1.0666666666666667
gnc_kidney,complex_cyst_r,123934_v30,1,5.625,7.03125,9.0,9.0,5.625,1.6
gnc_kidney,complex_cyst_r,125350_v30,1,12.65625,11.25,12.0,12.65625,11.25,1.125
gnc_kidney,complex_cyst_r,122351_v30,4,61.875,40.78125,54.0,61.875,40.78125,1.5172413793103448
gnc_kidney,complex_cyst_r,127813_v30,1,28.125,29.53125,30.0,30.0,28.125,1.0666666666666667
gnc_kidney,complex_cyst_r,121943_v30,1,19.6875,19.6875,18.0,19.6875,18.0,1.09375
gnc_kidney,complex_cyst_r,110111_v30,2,21.09375,22.5,24.0,24.0,21.09375,1.1377777777777778
gnc_kidney,complex_cyst_r,130036_v30,1,11.25,12.65625,15.0,15.0,11.25,1.3333333333333333
gnc_kidney,complex_cyst_r,106242_v30,1,5.625,9.84375,9.0,9.84375,5.625,1.75
gnc_kidney,complex_cyst_r,106141_v30,1,14.0625,26.71875,24.0,26.71875,14.0625,1.9
gnc_kidney,complex_cyst_r,100510_v30,1,12.65625,14.0625,15.0,15.0,12.65625,1.1851851851851851
gnc_kidney,complex_cyst_r,124018_v30,1,19.6875,15.46875,15.0,19.6875,15.0,1.3125
gnc_kidney,complex_cyst_r,102769_v30,1,5.625,5.625,15.0,15.0,5.625,2.6666666666666665
gnc_kidney,complex_cyst_r,107221_v30,1,8.4375,7.03125,12.0,12.0,7.03125,1.7066666666666668
gnc_kidney,complex_cyst_r,100903_v30,1,5.625,5.625,9.0,9.0,5.625,1.6
gnc_kidney,complex_cyst_r,117948_v30,1,11.25,9.84375,12.0,12.0,9.84375,1.2190476190476192
gnc_kidney,complex_cyst_r,115910_v30,1,19.6875,19.6875,18.0,19.6875,18.0,1.09375
gnc_kidney,complex_cyst_r,128970_v30,1,22.5,18.28125,18.0,22.5,18.0,1.25
gnc_kidney,complex_cyst_l,130265_v30,2,11.25,9.84375,15.0,15.0,9.84375,1.5238095238095237
gnc_kidney,complex_cyst_l,110703_v30,1,90.0,80.15625,123.0,123.0,80.15625,1.5345029239766081
gnc_kidney,complex_cyst_l,127476_v30,1,5.625,8.4375,9.0,9.0,5.625,1.6
gnc_kidney,complex_cyst_l,119860_v30,2,23.90625,23.90625,24.0,24.0,23.90625,1.003921568627451
gnc_kidney,complex_cyst_l,107788_v30,1,5.625,4.21875,9.0,9.0,4.21875,2.1333333333333333
gnc_kidney,complex_cyst_l,121907_v30,1,25.3125,25.3125,24.0,25.3125,24.0,1.0546875
gnc_kidney,complex_cyst_l,114767_v30,1,11.25,12.65625,15.0,15.0,11.25,1.3333333333333333
gnc_kidney,complex_cyst_l,120679_v30,1,16.875,15.46875,24.0,24.0,15.46875,1.5515151515151515
gnc_kidney,complex_cyst_l,130435_v30,1,16.875,18.28125,18.0,18.28125,16.875,1.0833333333333333
gnc_kidney,complex_cyst_l,124563_v30,1,18.28125,21.09375,18.0,21.09375,18.0,1.171875
gnc_kidney,complex_cyst_l,126961_v30,1,12.65625,18.28125,15.0,18.28125,12.65625,1.4444444444444444
gnc_kidney,complex_cyst_l,123181_v30,1,9.84375,11.25,12.0,12.0,9.84375,1.2190476190476192
gnc_kidney,complex_cyst_l,122686_v30,1,15.46875,15.46875,9.0,15.46875,9.0,1.71875
gnc_kidney,complex_cyst_l,118548_v30,1,18.28125,15.46875,18.0,18.28125,15.46875,1.1818181818181819
gnc_kidney,complex_cyst_l,123682_v30,1,16.875,16.875,18.0,18.0,16.875,1.0666666666666667
gnc_kidney,complex_cyst_l,121794_v30,2,9.84375,11.25,12.0,12.0,9.84375,1.2190476190476192
gnc_kidney,complex_cyst_l,126032_v30,2,12.65625,9.84375,12.0,12.65625,9.84375,1.2857142857142858
gnc_kidney,complex_cyst_l,101198_v30,1,5.625,14.0625,15.0,15.0,5.625,2.6666666666666665
gnc_kidney,complex_cyst_l,114034_v30,2,12.65625,12.65625,12.0,12.65625,12.0,1.0546875
gnc_kidney,complex_cyst_l,121943_v30,2,16.875,19.6875,6.0,19.6875,6.0,3.28125
gnc_kidney,complex_cyst_l,124681_v30,3,12.65625,11.25,15.0,15.0,11.25,1.3333333333333333
gnc_kidney,complex_cyst_l,116203_v30,2,26.71875,23.90625,21.0,26.71875,21.0,1.2723214285714286
gnc_kidney,complex_cyst_l,103107_v30,1,5.625,7.03125,15.0,15.0,5.625,2.6666666666666665
gnc_kidney,complex_cyst_l,122351_v30,3,19.6875,23.90625,18.0,23.90625,18.0,1.328125
gnc_kidney,complex_cyst_l,112112_v30,1,11.25,12.65625,18.0,18.0,11.25,1.6
gnc_kidney,complex_cyst_l,111579_v30,1,7.03125,7.03125,9.0,9.0,7.03125,1.28
gnc_kidney,complex_cyst_l,101533_v30,1,5.625,9.84375,9.0,9.84375,5.625,1.75
gnc_kidney,complex_cyst_l,111499_v30,1,8.4375,14.0625,18.0,18.0,8.4375,2.1333333333333333
gnc_kidney,complex_cyst_l,129058_v30,1,14.0625,12.65625,15.0,15.0,12.65625,1.1851851851851851
gnc_kidney,complex_cyst_l,100833_v30,1,7.03125,8.4375,12.0,12.0,7.03125,1.7066666666666668
gnc_kidney,complex_cyst_l,130952_v30,1,15.46875,12.65625,15.0,15.46875,12.65625,1.2222222222222223
gnc_kidney,complex_cyst_l,109095_v30,1,26.71875,19.6875,33.0,33.0,19.6875,1.6761904761904762
gnc_kidney,complex_cyst_l,121013_v30,2,14.0625,15.46875,15.0,15.46875,14.0625,1.1
gnc_kidney,complex_cyst_l,122020_v30,1,12.65625,15.46875,18.0,18.0,12.65625,1.4222222222222223
gnc_kidney,complex_cyst_l,122395_v30,1,39.375,40.78125,42.0,42.0,39.375,1.0666666666666667
gnc_kidney,complex_cyst_l,121151_v30,2,12.65625,15.46875,12.0,15.46875,12.0,1.2890625
gnc_kidney,complex_cyst_l,127233_v30,1,15.46875,23.90625,15.0,23.90625,15.0,1.59375
gnc_kidney,complex_cyst_l,130565_v30,1,14.0625,16.875,18.0,18.0,14.0625,1.28
gnc_kidney,complex_cyst_l,122248_v30,2,9.84375,11.25,15.0,15.0,9.84375,1.5238095238095237
gnc_kidney,complex_cyst_l,114481_v30,1,12.65625,12.65625,15.0,15.0,12.65625,1.1851851851851851
