class,obj_vox,real_dice,tier,res,mode,tier_native_res,K,auroc,ap,transfer_dice,transfer_precision,transfer_recall,margin,retrieval_at1
adrenal_gland_left,1117,,backbone,16,dense,24,1,0.9992096424102783,,0.0826544538140297,0.05967480316758156,0.13441522419452667,0.2862313389778137,0.4285714626312256
adrenal_gland_left,1117,,backbone,24,dense,24,1,0.9923143982887268,,0.05508378520607948,0.06878089159727097,0.04593602940440178,0.2474401295185089,0.20000001788139343
adrenal_gland_left,1162,,backbone,16,dense,24,1,0.8417131304740906,,0.04243428260087967,0.023764338344335556,0.19794751703739166,0.2536008059978485,0.8888888955116272
adrenal_gland_left,1162,,backbone,24,dense,24,1,0.860988974571228,,0.04035863280296326,0.025357842445373535,0.09881266206502914,0.22738926112651825,0.8823529481887817
adrenal_gland_left,1125,,backbone,16,dense,24,1,0.9869427680969238,,0.0,0.0,0.0,0.10020401328802109,0.0
adrenal_gland_left,1125,,backbone,24,dense,24,1,0.9916426539421082,,0.15133585035800934,0.2722647190093994,0.10479166358709335,0.13173618912696838,0.2666666805744171
adrenal_gland_left,994,,backbone,16,dense,24,1,0.9676477909088135,,0.0,0.0,0.0,0.019720742478966713,0.0
adrenal_gland_left,994,,backbone,24,dense,24,1,0.9786425828933716,,0.0,0.0,0.0,0.06290251761674881,0.0
adrenal_gland_left,1481,,backbone,16,dense,24,1,0.9038665890693665,,0.0,0.0,0.0,0.17692433297634125,0.0
adrenal_gland_left,1481,,backbone,24,dense,24,1,0.9410783052444458,,0.013577713631093502,0.012080592103302479,0.015498396009206772,0.16388733685016632,0.10000000149011612
adrenal_gland_left,37,,backbone,16,dense,24,1,0.9935328364372253,,0.0,0.0,0.0,0.12207561731338501,0.0
adrenal_gland_left,37,,backbone,24,dense,24,1,0.9931373000144958,,0.0,0.0,0.0,0.10682043433189392,0.0
adrenal_gland_left,1133,,backbone,16,dense,24,1,0.9494172930717468,,0.0,0.0,0.0,0.14690153300762177,0.0
adrenal_gland_left,1133,,backbone,24,dense,24,1,0.9398147463798523,,0.0,0.0,0.0,0.1768474131822586,0.0
adrenal_gland_left,1498,,backbone,16,dense,24,1,0.6627562046051025,,0.0,0.0,0.0,0.1815958470106125,0.0
adrenal_gland_left,1498,,backbone,24,dense,24,1,0.8593988418579102,,0.0,0.0,0.0,0.1879776269197464,0.0
adrenal_gland_left,1521,,backbone,16,dense,24,1,0.8517839312553406,,0.0,0.0,0.0,0.13473638892173767,0.0
adrenal_gland_left,1521,,backbone,24,dense,24,1,0.9062395691871643,,0.0018899148562923074,0.0011491745244711637,0.00531748216599226,0.15599875152111053,0.043478261679410934
adrenal_gland_left,1496,,backbone,16,dense,24,1,0.9943215250968933,,0.02951560728251934,0.1328202337026596,0.01660252921283245,0.19617323577404022,0.1111111119389534
adrenal_gland_left,1496,,backbone,24,dense,24,1,0.9881676435470581,,0.0910847932100296,0.12183737754821777,0.07272779196500778,0.20421381294727325,0.2777777910232544
adrenal_gland_left,1233,,backbone,16,dense,24,1,0.9944280385971069,,0.0,0.0,0.0,0.2298259288072586,0.0
adrenal_gland_left,1233,,backbone,24,dense,24,1,0.9970917701721191,,0.009640957228839397,0.1699218600988388,0.004961222410202026,0.22618559002876282,0.043478261679410934
adrenal_gland_left,1821,,backbone,16,dense,24,1,0.9786223769187927,,0.035519182682037354,0.051342371851205826,0.027151403948664665,0.18083766102790833,0.4166666865348816
adrenal_gland_left,1821,,backbone,24,dense,24,1,0.9761788845062256,,0.16169291734695435,0.32662510871887207,0.10744010657072067,0.18563932180404663,0.190476194024086
adrenal_gland_left,1128,,backbone,16,dense,24,1,0.8798282146453857,,0.06953471153974533,0.08330396562814713,0.05967163294553757,0.20362259447574615,0.125
adrenal_gland_left,1128,,backbone,24,dense,24,1,0.9184224009513855,,0.047179561108350754,0.07068584114313126,0.035405583679676056,0.18856774270534515,0.05263157933950424
adrenal_gland_left,1030,,backbone,16,dense,24,1,0.9803839325904846,,0.0,0.0,0.0,0.14763158559799194,0.0
adrenal_gland_left,1030,,backbone,24,dense,24,1,0.9676892757415771,,0.0,0.0,0.0,0.1260930299758911,0.0
adrenal_gland_left,1200,,backbone,16,dense,24,1,0.9882578253746033,,0.08400620520114899,0.05965146794915199,0.14197048544883728,0.23366282880306244,0.46153849363327026
adrenal_gland_left,1200,,backbone,24,dense,24,1,0.9915999174118042,,0.025664197281003,0.04124264791607857,0.01862793043255806,0.20849603414535522,0.20000001788139343
adrenal_gland_left,1622,,backbone,16,dense,24,1,0.9775529503822327,,0.11060518771409988,0.11833900213241577,0.10382022708654404,0.21303632855415344,0.30000001192092896
adrenal_gland_left,1622,,backbone,24,dense,24,1,0.992863118648529,,0.004226580262184143,0.02769356407225132,0.0022878777235746384,0.20207564532756805,0.03999999910593033
adrenal_gland_left,1262,,backbone,16,dense,24,1,0.7925124764442444,,0.0,0.0,0.0,0.21307644248008728,0.0
adrenal_gland_left,1262,,backbone,24,dense,24,1,0.8676839470863342,,0.0,0.0,0.0,0.18309073150157928,0.0
adrenal_gland_left,1297,,backbone,16,dense,24,1,0.7672783136367798,,0.0,0.0,0.0,0.24715517461299896,0.0
adrenal_gland_left,1297,,backbone,24,dense,24,1,0.9052988290786743,,0.0,0.0,0.0,0.23115481436252594,0.0
adrenal_gland_left,1482,,backbone,16,dense,24,1,0.9528638124465942,,0.0,0.0,0.0,0.157854363322258,0.0
adrenal_gland_left,1482,,backbone,24,dense,24,1,0.9662438035011292,,0.0,0.0,0.0,0.12796643376350403,0.0
adrenal_gland_right,836,,backbone,16,dense,24,1,0.9772761464118958,,0.0,0.0,0.0,0.10977122187614441,0.0
adrenal_gland_right,836,,backbone,24,dense,24,1,0.9908788800239563,,0.0,0.0,0.0,0.132382333278656,0.0
adrenal_gland_right,1120,,backbone,16,dense,24,1,0.9046180248260498,,0.00541175389662385,0.015493142418563366,0.003278459655120969,0.18853425979614258,0.09090909361839294
adrenal_gland_right,1120,,backbone,24,dense,24,1,0.8993805646896362,,0.005674817133694887,0.011891248635947704,0.003726632334291935,0.18864412605762482,0.1538461595773697
adrenal_gland_right,886,,backbone,16,dense,24,1,0.8960135579109192,,0.0,0.0,0.0,0.08691088110208511,0.0
adrenal_gland_right,886,,backbone,24,dense,24,1,0.9359222054481506,,0.0,0.0,0.0,0.10813798010349274,0.0
adrenal_gland_right,1021,,backbone,16,dense,24,1,0.9468761086463928,,0.0,0.0,0.0,0.09864608943462372,0.0
adrenal_gland_right,1021,,backbone,24,dense,24,1,0.9630463123321533,,0.04983333498239517,0.2695312201976776,0.02745470218360424,0.09906680881977081,0.05263157933950424
adrenal_gland_right,1130,,backbone,16,dense,24,1,0.8726666569709778,,0.012488233856856823,0.015540366061031818,0.010438174940645695,0.15084397792816162,0.2142857313156128
adrenal_gland_right,1130,,backbone,24,dense,24,1,0.9375292062759399,,0.0014430732699111104,0.007192459888756275,0.000801991147454828,0.13829220831394196,0.05263157933950424
adrenal_gland_right,9,,backbone,16,dense,24,1,0.9986578226089478,,0.0,0.0,0.0,0.09013503789901733,0.0
adrenal_gland_right,9,,backbone,24,dense,24,1,0.9945390820503235,,0.0,0.0,0.0,0.06993919610977173,0.0
adrenal_gland_right,953,,backbone,16,dense,24,1,0.9598652720451355,,0.00014676060527563095,0.0008680552709847689,8.015623461687937e-05,0.17642414569854736,0.09090909361839294
adrenal_gland_right,953,,backbone,24,dense,24,1,0.9437904357910156,,0.0004897505277767777,0.005548649933189154,0.00025618114159442484,0.16797348856925964,0.25
adrenal_gland_right,1465,,backbone,16,dense,24,1,0.8047184348106384,,0.0,0.0,0.0,0.09146080911159515,0.0
adrenal_gland_right,1465,,backbone,24,dense,24,1,0.7955473065376282,,0.0,0.0,0.0,0.09478870034217834,0.0
adrenal_gland_right,1357,,backbone,16,dense,24,1,0.9771018028259277,,0.1295471489429474,0.12207328528165817,0.1379958838224411,0.1905272752046585,0.3571428656578064
adrenal_gland_right,1357,,backbone,24,dense,24,1,0.993675172328949,,0.14869703352451324,0.17463771998882294,0.12946613132953644,0.20349253714084625,0.4444444477558136
adrenal_gland_right,1148,,backbone,16,dense,24,1,0.6718769669532776,,0.0,0.0,0.0,0.21334119141101837,0.0
adrenal_gland_right,1148,,backbone,24,dense,24,1,0.5440298914909363,,0.0,0.0,0.0,0.16906540095806122,0.0
adrenal_gland_right,840,,backbone,16,dense,24,1,0.9514181613922119,,4.5837918150937185e-05,0.00013616555952467024,2.7557318389881402e-05,0.1921960711479187,0.09090909361839294
adrenal_gland_right,840,,backbone,24,dense,24,1,0.9837498664855957,,0.024054275825619698,0.0326450876891613,0.01904296875,0.18864962458610535,0.2142857313156128
adrenal_gland_right,1389,,backbone,16,dense,24,1,0.9791370034217834,,0.07814174145460129,0.05636514723300934,0.1273389756679535,0.20827476680278778,0.800000011920929
adrenal_gland_right,1389,,backbone,24,dense,24,1,0.9698152542114258,,0.19174905121326447,0.24550342559814453,0.1573060154914856,0.19887422025203705,0.5
adrenal_gland_right,1290,,backbone,16,dense,24,1,0.8722414374351501,,0.0007802746258676052,0.011574069038033485,0.00040374675882048905,0.2341214418411255,0.0833333358168602
adrenal_gland_right,1290,,backbone,24,dense,24,1,0.8197182416915894,,0.0,0.0,0.0,0.26063692569732666,0.0
adrenal_gland_right,798,,backbone,16,dense,24,1,0.9789370894432068,,0.03190965950489044,0.023012453690171242,0.05202314630150795,0.20373451709747314,0.6000000238418579
adrenal_gland_right,798,,backbone,24,dense,24,1,0.9772414565086365,,0.07289929687976837,0.08291421085596085,0.06504298001527786,0.1963978260755539,0.1538461595773697
adrenal_gland_right,1243,,backbone,16,dense,24,1,0.7172333598136902,,0.0,0.0,0.0,0.1465073525905609,0.0
adrenal_gland_right,1243,,backbone,24,dense,24,1,0.6622779369354248,,0.0,0.0,0.0,0.15040142834186554,0.0
adrenal_gland_right,1510,,backbone,16,dense,24,1,0.984686553478241,,0.002550352830439806,0.008709602057933807,0.0014938986860215664,0.12381529808044434,0.13333334028720856
adrenal_gland_right,1510,,backbone,24,dense,24,1,0.9798761010169983,,0.0,0.0,0.0,0.13231658935546875,0.0
adrenal_gland_right,1469,,backbone,16,dense,24,1,0.9727180004119873,,0.0,0.0,0.0,0.11506520211696625,0.0
adrenal_gland_right,1469,,backbone,24,dense,24,1,0.9841638207435608,,0.0,0.0,0.0,0.1492283195257187,0.0
adrenal_gland_right,886,,backbone,16,dense,24,1,0.9859676361083984,,0.03426326438784599,0.028736088424921036,0.04242302477359772,0.21200136840343475,0.3333333432674408
adrenal_gland_right,886,,backbone,24,dense,24,1,0.9913536906242371,,0.1232142373919487,0.10333793610334396,0.1525575816631317,0.2325894832611084,0.2666666805744171
adrenal_gland_right,1245,,backbone,16,dense,24,1,0.9975479245185852,,0.08431628346443176,0.09000398963689804,0.07930471003055573,0.2777775526046753,0.5454545617103577
adrenal_gland_right,1245,,backbone,24,dense,24,1,0.993829071521759,,0.0659128725528717,0.1041904017329216,0.04820375144481659,0.2789554297924042,0.5
aorta,18100,,backbone,16,dense,24,1,0.8994865417480469,,0.14406882226467133,0.1751604676246643,0.12235105037689209,0.09885739535093307,0.3214285969734192
aorta,18100,,backbone,24,dense,24,1,0.8579978942871094,,0.14514803886413574,0.21338115632534027,0.10997971147298813,0.049396004527807236,0.36974790692329407
aorta,122339,,backbone,16,dense,24,1,0.8072766661643982,,0.3272382318973541,0.29960140585899353,0.36049196124076843,0.19806621968746185,0.6502463221549988
aorta,122339,,backbone,24,dense,24,1,0.8311887383460999,,0.4598671495914459,0.4379807114601135,0.4840560555458069,0.1545403003692627,0.5255905389785767
aorta,17351,,backbone,16,dense,24,1,0.9599736332893372,,0.19316184520721436,0.18597470223903656,0.20092685520648956,0.17605195939540863,0.7400000095367432
aorta,17351,,backbone,24,dense,24,1,0.9446756839752197,,0.4374597370624542,0.41424694657325745,0.46342846751213074,0.1269162893295288,0.529411792755127
aorta,46863,,backbone,16,dense,24,1,0.9323565363883972,,0.3001234233379364,0.4332698881626129,0.22957396507263184,0.08882380276918411,0.33027520775794983
aorta,46863,,backbone,24,dense,24,1,0.9356441497802734,,0.4423820376396179,0.4070223867893219,0.48446980118751526,0.08886242657899857,0.52173912525177
aorta,35831,,backbone,16,dense,24,1,0.9552159905433655,,0.262398362159729,0.2761485278606415,0.2499525099992752,0.08400211483240128,0.40909093618392944
aorta,35831,,backbone,24,dense,24,1,0.9487105011940002,,0.3700251877307892,0.427982360124588,0.32589295506477356,0.07081945240497589,0.44102564454078674
aorta,61606,,backbone,16,dense,24,1,0.957421600818634,,0.2555074393749237,0.2648018002510071,0.24684344232082367,0.029839929193258286,0.33576643466949463
aorta,61606,,backbone,24,dense,24,1,0.9510915279388428,,0.34673577547073364,0.5731620788574219,0.24854762852191925,-0.002202980685979128,0.19661016762256622
aorta,13095,,backbone,16,dense,24,1,0.9570999145507812,,0.10591087490320206,0.21905161440372467,0.06983890384435654,0.05534779280424118,0.28947368264198303
aorta,13095,,backbone,24,dense,24,1,0.9090136885643005,,0.3789295554161072,0.5056418180465698,0.30299896001815796,0.023217061534523964,0.30337080359458923
aorta,33457,,backbone,16,dense,24,1,0.5814558863639832,,0.11132575571537018,0.10810466855764389,0.11474468559026718,0.11174051463603973,0.7162162065505981
aorta,33457,,backbone,24,dense,24,1,0.6091643571853638,,0.32434314489364624,0.21976453065872192,0.6188181042671204,0.09063967317342758,0.6573033928871155
aorta,28594,,backbone,16,dense,24,1,0.8899376392364502,,0.19437389075756073,0.5949415564537048,0.11616277694702148,0.09531538188457489,0.1780821979045868
aorta,28594,,backbone,24,dense,24,1,0.8973623514175415,,0.362631618976593,0.5285959243774414,0.27598124742507935,0.08032131940126419,0.2675159275531769
aorta,19789,,backbone,16,dense,24,1,0.9830485582351685,,0.31513485312461853,0.24814672768115997,0.43166419863700867,0.17957313358783722,0.8235294222831726
aorta,19789,,backbone,24,dense,24,1,0.9488649964332581,,0.3540772795677185,0.24599134922027588,0.6315920352935791,0.16908234357833862,0.7747747898101807
aorta,72384,,backbone,16,dense,24,1,0.9245913624763489,,0.38238653540611267,0.3331395089626312,0.4487193822860718,0.1363166868686676,0.5
aorta,72384,,backbone,24,dense,24,1,0.9238846302032471,,0.46377697587013245,0.416574627161026,0.5230433344841003,0.12146427482366562,0.4298507571220398
aorta,22636,,backbone,16,dense,24,1,0.9398607015609741,,0.001628993428312242,0.008379925042390823,0.0009021857404150069,0.08003656566143036,0.04838709533214569
aorta,22636,,backbone,24,dense,24,1,0.9343138933181763,,0.007970571517944336,0.33564308285713196,0.0040331739000976086,0.046320535242557526,0.04273504391312599
aorta,127038,,backbone,16,dense,24,1,0.9338042140007019,,0.383473664522171,0.2996878921985626,0.5322893857955933,0.1666778326034546,0.6834862232208252
aorta,127038,,backbone,24,dense,24,1,0.9411500096321106,,0.47906118631362915,0.35906627774238586,0.719511866569519,0.1457797735929489,0.7355679869651794
aorta,52326,,backbone,16,dense,24,1,0.9669203162193298,,0.26934587955474854,0.33233073353767395,0.22643153369426727,0.05977638065814972,0.39024388790130615
aorta,52326,,backbone,24,dense,24,1,0.9577895402908325,,0.5386776924133301,0.5815616250038147,0.5016838908195496,0.051959823817014694,0.46691176295280457
aorta,26022,,backbone,16,dense,24,1,0.752081036567688,,0.20847301185131073,0.20019441843032837,0.2174658179283142,0.1319509595632553,0.3174603283405304
aorta,26022,,backbone,24,dense,24,1,0.7561261057853699,,0.2361161708831787,0.20012977719306946,0.2878817021846771,0.1137300580739975,0.21641790866851807
aorta,23492,,backbone,16,dense,24,1,0.7583551406860352,,0.13980932533740997,0.21054013073444366,0.10465166717767715,0.17304489016532898,0.5454545021057129
aorta,23492,,backbone,24,dense,24,1,0.7503216862678528,,0.2673920691013336,0.48810669779777527,0.18413083255290985,0.13568313419818878,0.3445378243923187
aorta,90085,,backbone,16,dense,24,1,0.941129207611084,,0.14125823974609375,0.1465427428483963,0.13634160161018372,0.17163553833961487,0.48466256260871887
aorta,90085,,backbone,24,dense,24,1,0.9418580532073975,,0.1303359866142273,0.20365633070468903,0.09583388268947601,0.15409034490585327,0.24875621497631073
aorta,35107,,backbone,16,dense,24,1,0.2915605306625366,,0.0,0.0,0.0,0.15401306748390198,0.0
aorta,35107,,backbone,24,dense,24,1,0.3056965470314026,,0.0008334841695614159,0.03222231566905975,0.0004222025745548308,0.12460605055093765,0.033898305147886276
aorta,68595,,backbone,16,dense,24,1,0.871867835521698,,0.1705474704504013,0.17733588814735413,0.1642596274614334,0.1588197499513626,0.3769230842590332
aorta,68595,,backbone,24,dense,24,1,0.9289413690567017,,0.44657063484191895,0.5014289021492004,0.40253204107284546,0.13976243138313293,0.42258062958717346
atrial_appendage_left,963,,backbone,16,dense,24,1,0.9771357774734497,,0.11020991951227188,0.0700911357998848,0.2577287256717682,0.11970614641904831,0.5
atrial_appendage_left,963,,backbone,24,dense,24,1,0.9313678741455078,,0.0743183121085167,0.04893416911363602,0.15442465245723724,0.10967665165662766,0.5555555820465088
atrial_appendage_left,2014,,backbone,16,dense,24,1,0.9481609463691711,,0.026859162375330925,0.0157926045358181,0.08975281566381454,0.12374778836965561,0.5555555820465088
atrial_appendage_left,2014,,backbone,24,dense,24,1,0.9866979122161865,,0.09910108894109726,0.0544498935341835,0.5506901144981384,0.12343839555978775,0.45000001788139343
atrial_appendage_left,1102,,backbone,16,dense,24,1,0.9985135197639465,,0.0,0.0,0.0,0.0742933377623558,0.0
atrial_appendage_left,1102,,backbone,24,dense,24,1,0.9978557229042053,,0.13079257309436798,0.25065773725509644,0.08848081529140472,0.08024915307760239,0.1666666716337204
atrial_appendage_left,3784,,backbone,16,dense,24,1,0.993986189365387,,0.0,0.0,0.0,0.09851203113794327,0.0
atrial_appendage_left,3784,,backbone,24,dense,24,1,0.9898195266723633,,0.15634916722774506,0.21245177090168,0.12368690222501755,0.10864634066820145,0.25806450843811035
atrial_appendage_left,1687,,backbone,16,dense,24,1,0.9014936089515686,,0.005929715931415558,0.015046295709908009,0.003692452097311616,0.13066087663173676,0.0833333358168602
atrial_appendage_left,1687,,backbone,24,dense,24,1,0.7778080701828003,,0.15173391997814178,0.10629671812057495,0.26501718163490295,0.11487247049808502,0.3333333432674408
atrial_appendage_left,2902,,backbone,16,dense,24,1,0.9985663890838623,,0.03288254886865616,0.0609908327460289,0.022509021684527397,0.2897113263607025,1.0
atrial_appendage_left,2902,,backbone,24,dense,24,1,0.983989953994751,,0.05511072650551796,0.0701129287481308,0.04539703205227852,0.18406502902507782,0.1599999964237213
atrial_appendage_left,2160,,backbone,16,dense,24,1,0.9909216165542603,,0.052317798137664795,0.1145833358168602,0.03389757126569748,0.08381453156471252,0.06666667014360428
atrial_appendage_left,2160,,backbone,24,dense,24,1,0.9894777536392212,,0.044962313026189804,0.08827966451644897,0.03016221709549427,0.08838014304637909,0.2083333432674408
atrial_appendage_left,2557,,backbone,16,dense,24,1,0.48739704489707947,,0.0,0.0,0.0,0.13409371674060822,0.0
atrial_appendage_left,2557,,backbone,24,dense,24,1,0.5004562139511108,,0.0,0.0,0.0,0.12861616909503937,0.0
atrial_appendage_left,4750,,backbone,16,dense,24,1,0.9817060828208923,,0.009165415540337563,0.16702941060066223,0.004711988382041454,0.1737024337053299,0.2142857313156128
atrial_appendage_left,4750,,backbone,24,dense,24,1,0.9583128690719604,,0.011991700157523155,0.13784903287887573,0.0062685031443834305,0.1383574903011322,0.1944444477558136
autochthon_left,93946,,backbone,16,dense,24,1,0.9310896396636963,,0.4066289961338043,0.5011979341506958,0.34208279848098755,0.09876210987567902,0.39855071902275085
autochthon_left,93946,,backbone,24,dense,24,1,0.9133959412574768,,0.39945948123931885,0.543590784072876,0.315741628408432,0.11627691984176636,0.42406877875328064
autochthon_left,120359,,backbone,16,dense,24,1,0.9473048448562622,,0.46332764625549316,0.3821507692337036,0.5882935523986816,0.13400763273239136,0.6971428394317627
autochthon_left,120359,,backbone,24,dense,24,1,0.9657152891159058,,0.5268298387527466,0.46553757786750793,0.6067085266113281,0.15704287588596344,0.7225950956344604
autochthon_left,83149,,backbone,16,dense,24,1,0.9229307174682617,,0.49558407068252563,0.45568931102752686,0.5431345105171204,0.09078503400087357,0.6842105388641357
autochthon_left,83149,,backbone,24,dense,24,1,0.9342940449714661,,0.5540339946746826,0.5005278587341309,0.6203489899635315,0.09635047614574432,0.6984615325927734
autochthon_left,118630,,backbone,16,dense,24,1,0.8895617723464966,,0.3696364760398865,0.5655198693275452,0.2745414972305298,0.059158895164728165,0.35428571701049805
autochthon_left,118630,,backbone,24,dense,24,1,0.9142265319824219,,0.5465642809867859,0.597586989402771,0.5035689473152161,0.08195893466472626,0.5279642343521118
autochthon_left,143501,,backbone,16,dense,24,1,0.8583176732063293,,0.06615939736366272,0.05126962065696716,0.09323754161596298,0.13081681728363037,0.27918779850006104
autochthon_left,143501,,backbone,24,dense,24,1,0.9352017045021057,,0.26639866828918457,0.24173757433891296,0.2966630160808563,0.10837927460670471,0.36758893728256226
autochthon_left,74003,,backbone,16,dense,24,1,0.9642214775085449,,0.2535554766654968,0.44470152258872986,0.17733259499073029,0.043626416474580765,0.41726619005203247
autochthon_left,74003,,backbone,24,dense,24,1,0.9538289308547974,,0.28999102115631104,0.5245802998542786,0.2003815472126007,0.05460770055651665,0.2924528121948242
autochthon_left,103424,,backbone,16,dense,24,1,0.9421315789222717,,0.044749561697244644,0.3968835175037384,0.023711547255516052,0.04248503968119621,0.1753246784210205
autochthon_left,103424,,backbone,24,dense,24,1,0.9379947185516357,,0.08937027305364609,0.5031233429908752,0.04904070869088173,0.049978531897068024,0.17402596771717072
autochthon_left,121508,,backbone,16,dense,24,1,0.7786627411842346,,0.27109426259994507,0.45188361406326294,0.19362777471542358,0.08508094400167465,0.42777779698371887
autochthon_left,121508,,backbone,24,dense,24,1,0.8514320254325867,,0.21731778979301453,0.5221678018569946,0.13721150159835815,0.07443922758102417,0.260869562625885
autochthon_left,101936,,backbone,16,dense,24,1,0.7129431366920471,,0.38849711418151855,0.4833594858646393,0.324760764837265,0.10418853908777237,0.4761904776096344
autochthon_left,101936,,backbone,24,dense,24,1,0.7832621932029724,,0.5141395926475525,0.5342944860458374,0.495449960231781,0.11694870889186859,0.6524064540863037
autochthon_left,95716,,backbone,16,dense,24,1,0.8956612944602966,,0.41605323553085327,0.5381459593772888,0.33911579847335815,0.10062791407108307,0.37142857909202576
autochthon_left,95716,,backbone,24,dense,24,1,0.8958145976066589,,0.5461645722389221,0.6077130436897278,0.49593666195869446,0.11354238539934158,0.5945945978164673
autochthon_left,10836,,backbone,16,dense,24,1,0.9596592783927917,,0.1425335556268692,0.09140201658010483,0.3235088288784027,0.06194270774722099,0.38461539149284363
autochthon_left,10836,,backbone,24,dense,24,1,0.8968949317932129,,0.17613834142684937,0.10203976929187775,0.6432479023933411,0.08725959062576294,0.596774160861969
autochthon_left,149138,,backbone,16,dense,24,1,0.8797230124473572,,0.5545138716697693,0.542850911617279,0.5666888952255249,0.10671275854110718,0.6733668446540833
autochthon_left,149138,,backbone,24,dense,24,1,0.9211289882659912,,0.5793152451515198,0.5338119864463806,0.6332990527153015,0.1409893035888672,0.7159308791160583
autochthon_left,131004,,backbone,16,dense,24,1,0.6872796416282654,,0.1776464581489563,0.18080244958400726,0.17459876835346222,0.05207334831357002,0.2261904776096344
autochthon_left,131004,,backbone,24,dense,24,1,0.7655328512191772,,0.27318525314331055,0.3294677138328552,0.23332643508911133,0.058151211589574814,0.18625277280807495
autochthon_left,130034,,backbone,16,dense,24,1,0.8913335204124451,,0.03466704115271568,0.24505095183849335,0.01865292340517044,0.099873848259449,0.125
autochthon_left,130034,,backbone,24,dense,24,1,0.8998901844024658,,0.08173582702875137,0.25098252296447754,0.04881684482097626,0.11628059297800064,0.16771487891674042
autochthon_left,84390,,backbone,16,dense,24,1,0.9149974584579468,,0.529962956905365,0.6253241896629333,0.4598381817340851,0.055707864463329315,0.4513888955116272
autochthon_left,84390,,backbone,24,dense,24,1,0.9241104125976562,,0.6225163340568542,0.6294001936912537,0.6157814264297485,0.07628064602613449,0.6329479813575745
autochthon_left,123601,,backbone,16,dense,24,1,0.9327425956726074,,0.33958959579467773,0.4033162593841553,0.2932536005973816,0.06302513182163239,0.44252872467041016
autochthon_left,123601,,backbone,24,dense,24,1,0.9410386681556702,,0.5135968327522278,0.5542005300521851,0.4785366356372833,0.07972202450037003,0.5565217137336731
autochthon_left,115349,,backbone,16,dense,24,1,0.9549168944358826,,0.3955898582935333,0.36115097999572754,0.43728914856910706,0.06764411926269531,0.5314685106277466
autochthon_left,115349,,backbone,24,dense,24,1,0.9466578960418701,,0.548556923866272,0.49181121587753296,0.6201053261756897,0.08911000192165375,0.7077294588088989
autochthon_left,73361,,backbone,16,dense,24,1,0.903329610824585,,0.15559440851211548,0.21700258553028107,0.12127546221017838,0.053906261920928955,0.2971014678478241
autochthon_left,73361,,backbone,24,dense,24,1,0.9112316966056824,,0.3018627464771271,0.4321228563785553,0.23194478452205658,0.05012348294258118,0.4006410241127014
autochthon_left,122052,,backbone,16,dense,24,1,0.7901315689086914,,0.11889167129993439,0.1714615821838379,0.0909932553768158,0.10187699645757675,0.19512194395065308
autochthon_left,122052,,backbone,24,dense,24,1,0.8323717713356018,,0.1122395396232605,0.20921269059181213,0.07669177651405334,0.1140032410621643,0.19679632782936096
autochthon_left,66707,,backbone,16,dense,24,1,0.8527153730392456,,0.171371728181839,0.15988489985466003,0.18463687598705292,0.04825776442885399,0.47457626461982727
autochthon_left,66707,,backbone,24,dense,24,1,0.8584840297698975,,0.3285360336303711,0.32240331172943115,0.33490660786628723,0.052380651235580444,0.4485049843788147
autochthon_right,95250,,backbone,16,dense,24,1,0.9428766369819641,,0.4943304657936096,0.39676007628440857,0.6555392742156982,0.11713585257530212,0.7866666913032532
autochthon_right,95250,,backbone,24,dense,24,1,0.9218257665634155,,0.5968294143676758,0.499030202627182,0.7423054575920105,0.11592986434698105,0.8058510422706604
autochthon_right,122931,,backbone,16,dense,24,1,0.8857679963111877,,0.31765133142471313,0.33209118247032166,0.30441489815711975,0.08841782063245773,0.4566473960876465
autochthon_right,122931,,backbone,24,dense,24,1,0.9136577844619751,,0.4672808051109314,0.4294840693473816,0.5123720765113831,0.08658937364816666,0.5761589407920837
autochthon_right,92097,,backbone,16,dense,24,1,0.9235342144966125,,0.5395294427871704,0.568790078163147,0.5131320357322693,0.13841073215007782,0.5882353186607361
autochthon_right,92097,,backbone,24,dense,24,1,0.913399338722229,,0.5916878581047058,0.6150970458984375,0.5699951648712158,0.13833598792552948,0.6728232502937317
autochthon_right,122660,,backbone,16,dense,24,1,0.954063355922699,,0.372437983751297,0.2567794620990753,0.6776770949363708,0.15001197159290314,0.8448275923728943
autochthon_right,122660,,backbone,24,dense,24,1,0.9423549771308899,,0.42594045400619507,0.3215867578983307,0.6305522918701172,0.1440819948911667,0.7744874954223633
autochthon_right,151450,,backbone,16,dense,24,1,0.9628583192825317,,0.4807426631450653,0.5255324840545654,0.44298797845840454,0.11043980717658997,0.5736842155456543
autochthon_right,151450,,backbone,24,dense,24,1,0.9286759495735168,,0.49427518248558044,0.46649906039237976,0.525568425655365,0.11820271611213684,0.575875461101532
autochthon_right,61851,,backbone,16,dense,24,1,0.9213786125183105,,0.21925780177116394,0.16573277115821838,0.32384759187698364,0.09492260217666626,0.5
autochthon_right,61851,,backbone,24,dense,24,1,0.9091435670852661,,0.3579409122467041,0.28022271394729614,0.4953133761882782,0.10510134696960449,0.5441176295280457
autochthon_right,103581,,backbone,16,dense,24,1,0.9302958846092224,,0.22017338871955872,0.3640259802341461,0.1578110009431839,0.09172824770212173,0.30921053886413574
autochthon_right,103581,,backbone,24,dense,24,1,0.9444724917411804,,0.36982548236846924,0.5349007844924927,0.2826095521450043,0.09053162485361099,0.4202531576156616
autochthon_right,104923,,backbone,16,dense,24,1,0.8294299840927124,,0.18344160914421082,0.27051547169685364,0.1387731432914734,0.08181199431419373,0.30666667222976685
autochthon_right,104923,,backbone,24,dense,24,1,0.8678966760635376,,0.2254781723022461,0.2914291322231293,0.183868408203125,0.07398862391710281,0.34170854091644287
autochthon_right,99204,,backbone,16,dense,24,1,0.8664585947990417,,0.4637064039707184,0.6921631693840027,0.348635196685791,0.06344428658485413,0.3401360511779785
autochthon_right,99204,,backbone,24,dense,24,1,0.8637199401855469,,0.5249472856521606,0.5732281804084778,0.48416760563850403,0.07480616867542267,0.5426997542381287
autochthon_right,84762,,backbone,16,dense,24,1,0.538809061050415,,0.006298690568655729,0.010953379794955254,0.0044202739372849464,0.10245505720376968,0.06956521421670914
autochthon_right,84762,,backbone,24,dense,24,1,0.6503369212150574,,0.03780573979020119,0.04565465822815895,0.03225967288017273,0.08169808238744736,0.08517350256443024
autochthon_right,10794,,backbone,16,dense,24,1,0.9485270380973816,,0.027011893689632416,0.019810086116194725,0.04244100674986839,0.03164633736014366,0.20689654350280762
autochthon_right,10794,,backbone,24,dense,24,1,0.8639056086540222,,0.19527527689933777,0.1327395737171173,0.36922115087509155,0.05282657966017723,0.4285714626312256
autochthon_right,136235,,backbone,16,dense,24,1,0.9044628143310547,,0.3836471736431122,0.4784271717071533,0.3202109932899475,0.0936206504702568,0.42131978273391724
autochthon_right,136235,,backbone,24,dense,24,1,0.946784496307373,,0.4942761957645416,0.4198795258998871,0.6007142066955566,0.09797199815511703,0.639175295829773
autochthon_right,125452,,backbone,16,dense,24,1,0.7694548964500427,,0.19458699226379395,0.13489682972431183,0.34902724623680115,0.08033112436532974,0.5029239654541016
autochthon_right,125452,,backbone,24,dense,24,1,0.8007568717002869,,0.3906613886356354,0.3048549294471741,0.5436926484107971,0.07703781127929688,0.4557522237300873
autochthon_right,125167,,backbone,16,dense,24,1,0.8678626418113708,,0.392252653837204,0.4107208847999573,0.37537381052970886,0.1330438256263733,0.625668466091156
autochthon_right,125167,,backbone,24,dense,24,1,0.903323769569397,,0.47201693058013916,0.4074832499027252,0.5608375668525696,0.1265011727809906,0.6388309001922607
autochthon_right,78228,,backbone,16,dense,24,1,0.9034684300422668,,0.47749772667884827,0.4809058606624603,0.4741375148296356,0.09227631986141205,0.7647058963775635
autochthon_right,78228,,backbone,24,dense,24,1,0.852057933807373,,0.6304115056991577,0.6229450106620789,0.6380591988563538,0.09499292075634003,0.6969696879386902
autochthon_right,115163,,backbone,16,dense,24,1,0.9562582969665527,,0.4771544337272644,0.38222676515579224,0.6348130702972412,0.11248182505369186,0.8198757767677307
autochthon_right,115163,,backbone,24,dense,24,1,0.9577001929283142,,0.5436352491378784,0.45378199219703674,0.6778576374053955,0.11098790913820267,0.8107476234436035
autochthon_right,123383,,backbone,16,dense,24,1,0.928610622882843,,0.5344673991203308,0.6604467034339905,0.4488498568534851,0.09332899004220963,0.5574712753295898
autochthon_right,123383,,backbone,24,dense,24,1,0.9200649261474609,,0.5738228559494019,0.6705098152160645,0.5015060901641846,0.09182317554950714,0.5782312750816345
autochthon_right,62021,,backbone,16,dense,24,1,0.9237403273582458,,0.33571162819862366,0.3169982135295868,0.35677310824394226,0.11523520201444626,0.573913037776947
autochthon_right,62021,,backbone,24,dense,24,1,0.9405298233032227,,0.2726496160030365,0.23513972759246826,0.32439813017845154,0.13367635011672974,0.6229507923126221
autochthon_right,117920,,backbone,16,dense,24,1,0.8122652173042297,,0.24327294528484344,0.44330891966819763,0.16763180494308472,0.1224258542060852,0.32278481125831604
autochthon_right,117920,,backbone,24,dense,24,1,0.840236246585846,,0.38311338424682617,0.5428531765937805,0.29600968956947327,0.11905661225318909,0.4062500298023224
autochthon_right,67838,,backbone,16,dense,24,1,0.9062188863754272,,0.2242765724658966,0.18015174567699432,0.2970280945301056,0.0925072655081749,0.29629629850387573
autochthon_right,67838,,backbone,24,dense,24,1,0.8741851449012756,,0.34577178955078125,0.3185529112815857,0.3780767321586609,0.09384310245513916,0.598705530166626
brachiocephalic_trunk,2638,,backbone,16,dense,24,1,0.9182227849960327,,0.0,0.0,0.0,0.050377123057842255,0.0
brachiocephalic_trunk,2638,,backbone,24,dense,24,1,0.9423217177391052,,0.027335988357663155,0.10805587470531464,0.01564721204340458,0.06703173369169235,0.10000000149011612
brachiocephalic_trunk,1259,,backbone,16,dense,24,1,0.6921992301940918,,0.0001079502108041197,6.458142161136493e-05,0.00032865224056877196,0.18583273887634277,0.1666666716337204
brachiocephalic_trunk,1259,,backbone,24,dense,24,1,0.7683384418487549,,0.0,0.0,0.0,0.15082842111587524,0.0
brachiocephalic_trunk,1160,,backbone,16,dense,24,1,0.9797552227973938,,0.0,0.0,0.0,0.03780660033226013,0.0
brachiocephalic_trunk,1160,,backbone,24,dense,24,1,0.9887449145317078,,0.004304245114326477,0.01728219725191593,0.0024582436308264732,0.05265219882130623,0.1428571492433548
brachiocephalic_trunk,952,,backbone,16,dense,24,1,0.9415265917778015,,0.0,0.0,0.0,-0.0034133009612560272,0.0
brachiocephalic_trunk,952,,backbone,24,dense,24,1,0.9627649784088135,,0.0,0.0,0.0,0.044896919280290604,0.0
brachiocephalic_trunk,1967,,backbone,16,dense,24,1,0.957429826259613,,0.0,0.0,0.0,0.1253020465373993,0.0
brachiocephalic_trunk,1967,,backbone,24,dense,24,1,0.896733283996582,,0.0,0.0,0.0,0.09778156131505966,0.0
brachiocephalic_trunk,1172,,backbone,16,dense,24,1,0.934920608997345,,0.01180271152406931,0.012649052776396275,0.011062524281442165,0.17493519186973572,0.3333333432674408
brachiocephalic_trunk,1172,,backbone,24,dense,24,1,0.9351354837417603,,0.4838491678237915,0.3800998330116272,0.6654990315437317,0.15993276238441467,0.6000000238418579
brachiocephalic_trunk,1507,,backbone,16,dense,24,1,0.9935620427131653,,0.0,0.0,0.0,0.18838316202163696,0.0
brachiocephalic_trunk,1507,,backbone,24,dense,24,1,0.9874162673950195,,0.02271498367190361,0.11263406276702881,0.012631158344447613,0.1629260629415512,0.11764705926179886
brachiocephalic_trunk,2165,,backbone,16,dense,24,1,0.281781405210495,,0.01565365307033062,0.009309595450758934,0.04914090037345886,0.14437933266162872,0.2222222238779068
brachiocephalic_trunk,2165,,backbone,24,dense,24,1,0.360922247171402,,0.0002491719787940383,0.0002657313016243279,0.00023455542395822704,0.1297961324453354,0.043478261679410934
brachiocephalic_vein_left,5420,,backbone,16,dense,24,1,0.9549042582511902,,0.009968149475753307,0.06358209252357483,0.005407996941357851,0.0999915674328804,0.1111111119389534
brachiocephalic_vein_left,5420,,backbone,24,dense,24,1,0.9512585401535034,,0.11562158912420273,0.2731609642505646,0.0733301118016243,0.08270692825317383,0.23255813121795654
brachiocephalic_vein_left,3488,,backbone,16,dense,24,1,0.9778783321380615,,0.003834156319499016,0.10025188326835632,0.0019544523674994707,0.06842498481273651,0.11764705926179886
brachiocephalic_vein_left,3488,,backbone,24,dense,24,1,0.9821485877037048,,0.004814314190298319,0.03844219446182251,0.0025679562240839005,0.04299098625779152,0.07894736528396606
brachiocephalic_vein_left,3782,,backbone,16,dense,24,1,0.955314576625824,,0.02430175058543682,0.05458356812596321,0.015630356967449188,0.09898072481155396,0.15000000596046448
brachiocephalic_vein_left,3782,,backbone,24,dense,24,1,0.9591073989868164,,0.18194635212421417,0.2826503813266754,0.13415056467056274,0.08948715776205063,0.11428571492433548
brachiocephalic_vein_left,978,,backbone,16,dense,24,1,0.9165489077568054,,0.0,0.0,0.0,-0.029384970664978027,0.0
brachiocephalic_vein_left,978,,backbone,24,dense,24,1,0.9735092520713806,,0.0,0.0,0.0,0.029088696464896202,0.0
brachiocephalic_vein_left,4492,,backbone,16,dense,24,1,0.8178297281265259,,0.00011364365491317585,0.00014150784409139305,9.494760888628662e-05,0.19265218079090118,0.0476190485060215
brachiocephalic_vein_left,4492,,backbone,24,dense,24,1,0.6359086036682129,,0.011999252252280712,0.020184004679322243,0.008537312969565392,0.1707456409931183,0.095238097012043
brachiocephalic_vein_left,3306,,backbone,16,dense,24,1,0.9483100771903992,,0.05983902886509895,0.06411028653383255,0.05610135197639465,0.11340495198965073,0.2857142984867096
brachiocephalic_vein_left,3306,,backbone,24,dense,24,1,0.9645586609840393,,0.020371906459331512,0.19831311702728271,0.010737461037933826,0.08414588123559952,0.15625
brachiocephalic_vein_left,5591,,backbone,16,dense,24,1,0.9416746497154236,,0.04698249697685242,0.14107367396354675,0.028184454888105392,0.20924527943134308,0.1428571492433548
brachiocephalic_vein_left,5591,,backbone,24,dense,24,1,0.9297803044319153,,0.1090661957859993,0.15371805429458618,0.08451606333255768,0.1700507402420044,0.3181818127632141
brachiocephalic_vein_left,2804,,backbone,16,dense,24,1,0.9060497879981995,,0.1500699371099472,0.15803223848342896,0.14287149906158447,0.16501004993915558,0.05882352963089943
brachiocephalic_vein_left,2804,,backbone,24,dense,24,1,0.8743920922279358,,0.03133556619286537,0.028746813535690308,0.03443671390414238,0.1291472315788269,0.1666666716337204
brachiocephalic_vein_right,2815,,backbone,16,dense,24,1,0.992462158203125,,0.0644674301147461,0.07910245656967163,0.05440226197242737,0.2076294869184494,0.3333333432674408
brachiocephalic_vein_right,2815,,backbone,24,dense,24,1,0.9888580441474915,,0.014061897993087769,0.012423897162079811,0.016197407618165016,0.18027019500732422,0.043478261679410934
brachiocephalic_vein_right,1938,,backbone,16,dense,24,1,0.981170117855072,,0.0,0.0,0.0,0.1305370181798935,0.0
brachiocephalic_vein_right,1938,,backbone,24,dense,24,1,0.9929826259613037,,0.0,0.0,0.0,0.08851245045661926,0.0
brachiocephalic_vein_right,1272,,backbone,16,dense,24,1,0.9825432896614075,,0.0,0.0,0.0,0.06187139078974724,0.0
brachiocephalic_vein_right,1272,,backbone,24,dense,24,1,0.9823899269104004,,0.0,0.0,0.0,0.033786624670028687,0.0
brachiocephalic_vein_right,1114,,backbone,16,dense,24,1,0.9391571879386902,,0.0,0.0,0.0,-0.04757504165172577,0.0
brachiocephalic_vein_right,1114,,backbone,24,dense,24,1,0.9492486715316772,,0.0,0.0,0.0,-0.02343488298356533,0.0
brachiocephalic_vein_right,2819,,backbone,16,dense,24,1,0.9710031151771545,,0.007096795830875635,0.06645992398262024,0.0037485382054001093,0.12790809571743011,0.30000001192092896
brachiocephalic_vein_right,2819,,backbone,24,dense,24,1,0.9676488637924194,,0.0011945918668061495,0.010330111719667912,0.0006339515093713999,0.04107002913951874,0.095238097012043
brachiocephalic_vein_right,1330,,backbone,16,dense,24,1,0.9084950089454651,,0.007162642199546099,0.0050455559976398945,0.012340747751295567,0.2337905913591385,0.6000000238418579
brachiocephalic_vein_right,1330,,backbone,24,dense,24,1,0.637658417224884,,0.01610068418085575,0.012756695970892906,0.021820664405822754,0.1758948266506195,0.5
brachiocephalic_vein_right,1490,,backbone,16,dense,24,1,0.9963093996047974,,0.05914939194917679,0.06427256762981415,0.05478265881538391,0.18236461281776428,0.1666666716337204
brachiocephalic_vein_right,1490,,backbone,24,dense,24,1,0.9809291362762451,,0.1399262696504593,0.15492244064807892,0.12757708132266998,0.1639811247587204,0.20000001788139343
brachiocephalic_vein_right,1559,,backbone,16,dense,24,1,0.7829549312591553,,0.03453283756971359,0.02359567955136299,0.06436973810195923,0.24556773900985718,0.375
brachiocephalic_vein_right,1559,,backbone,24,dense,24,1,0.7056977152824402,,0.022777849808335304,0.01784071885049343,0.03149304538965225,0.20241044461727142,0.20000000298023224
brain,12511,,backbone,16,dense,24,1,0.9667829275131226,,0.0,0.0,0.0,0.12245339155197144,0.0
brain,12511,,backbone,24,dense,24,1,0.9705587029457092,,0.02639780007302761,0.15385600924491882,0.014437451027333736,0.1162111759185791,0.15625
brain,9634,,backbone,16,dense,24,1,0.9776125550270081,,0.012220974080264568,0.031182222068309784,0.0075997356325387955,0.2561556398868561,0.17391304671764374
brain,9634,,backbone,24,dense,24,1,0.968524694442749,,0.2797883152961731,0.27484363317489624,0.28491419553756714,0.2238185852766037,0.3968254327774048
clavicula_left,8451,,backbone,16,dense,24,1,0.9938450455665588,,0.24561147391796112,0.25734439492225647,0.2349017709493637,0.2038491815328598,0.7407407760620117
clavicula_left,8451,,backbone,24,dense,24,1,0.9978159666061401,,0.47406408190727234,0.44252628087997437,0.5104420781135559,0.17981334030628204,0.7692307829856873
clavicula_left,6319,,backbone,16,dense,24,1,0.9663582444190979,,0.012242063879966736,0.024707673117518425,0.008136836811900139,0.15099886059761047,0.05000000074505806
clavicula_left,6319,,backbone,24,dense,24,1,0.9880538582801819,,0.3424171805381775,0.3914584219455719,0.3042955696582794,0.13634717464447021,0.4318181872367859
clavicula_left,7987,,backbone,16,dense,24,1,0.9832640290260315,,0.18325701355934143,0.19056549668312073,0.17648839950561523,0.1244887113571167,0.22857142984867096
clavicula_left,7987,,backbone,24,dense,24,1,0.974882185459137,,0.2600906789302826,0.2212369292974472,0.3154987692832947,0.12900292873382568,0.453125
clavicula_left,4350,,backbone,16,dense,24,1,0.9895204901695251,,0.2785165011882782,0.21565796434879303,0.39309239387512207,0.05987163633108139,0.4545454680919647
clavicula_left,4350,,backbone,24,dense,24,1,0.9917644262313843,,0.30712974071502686,0.21560120582580566,0.5336996912956238,0.0857890173792839,0.6363636255264282
clavicula_left,7099,,backbone,16,dense,24,1,0.9563530087471008,,0.3003908395767212,0.26643189787864685,0.3442709743976593,0.25022655725479126,0.7142857313156128
clavicula_left,7099,,backbone,24,dense,24,1,0.9567165374755859,,0.43417268991470337,0.36258256435394287,0.5409880876541138,0.22354333102703094,0.7272726893424988
clavicula_left,7695,,backbone,16,dense,24,1,0.9827387928962708,,0.20001943409442902,0.19156037271022797,0.20926009118556976,0.18587760627269745,0.6060606241226196
clavicula_left,7695,,backbone,24,dense,24,1,0.98793625831604,,0.34368568658828735,0.347032368183136,0.34040290117263794,0.17219869792461395,0.6470588445663452
clavicula_left,11576,,backbone,16,dense,24,1,0.9790269732475281,,0.1574893593788147,0.17879389226436615,0.1407214254140854,0.1440269649028778,0.4285714328289032
clavicula_left,11576,,backbone,24,dense,24,1,0.9812265038490295,,0.2061558961868286,0.20182259380817413,0.21067935228347778,0.12731562554836273,0.3417721688747406
clavicula_left,8,,backbone,16,dense,24,1,0.982788622379303,,0.0,0.0,0.0,0.11879557371139526,0.0
clavicula_left,8,,backbone,24,dense,24,1,0.996202826499939,,0.0,0.0,0.0,0.1827429234981537,0.0
clavicula_left,10582,,backbone,16,dense,24,1,0.9906507134437561,,0.027412332594394684,0.03127383440732956,0.024399619549512863,0.1833086907863617,0.22857142984867096
clavicula_left,10582,,backbone,24,dense,24,1,0.9780537486076355,,0.4063621759414673,0.4423958361148834,0.3757563829421997,0.16633018851280212,0.3513513505458832
clavicula_right,7986,,backbone,16,dense,24,1,0.9640559554100037,,0.02894945815205574,0.0344049334526062,0.02498730458319187,0.14908145368099213,0.23333334922790527
clavicula_right,7986,,backbone,24,dense,24,1,0.980138897895813,,0.2380341738462448,0.2369268387556076,0.23915190994739532,0.12917308509349823,0.3137255012989044
clavicula_right,8172,,backbone,16,dense,24,1,0.9791854023933411,,0.25190818309783936,0.18067480623722076,0.41587042808532715,0.17589899897575378,0.6896551847457886
clavicula_right,8172,,backbone,24,dense,24,1,0.9839000701904297,,0.4022775888442993,0.371347576379776,0.43882814049720764,0.16910840570926666,0.7101449370384216
clavicula_right,7889,,backbone,16,dense,24,1,0.9027684330940247,,0.18408620357513428,0.21003597974777222,0.16384348273277283,0.08648435771465302,0.2368421107530594
clavicula_right,7889,,backbone,24,dense,24,1,0.9212134480476379,,0.36251479387283325,0.4649192988872528,0.2970792353153229,0.10569927841424942,0.3285714387893677
clavicula_right,4338,,backbone,16,dense,24,1,0.9901052117347717,,0.05499142035841942,0.046761803328990936,0.06673635542392731,0.018409455195069313,0.1111111119389534
clavicula_right,4338,,backbone,24,dense,24,1,0.9933863282203674,,0.14038582146167755,0.12053128331899643,0.16807140409946442,0.07702188193798065,0.4375
